x1,x2,x3,x4,x5,x6,y
-0.07298350278254234,-0.4312013240563791,0.4071740075711533,0.025340358506900418,1.0,1.0,2.5595423175142744
0.5945871548192272,-1.0,0.31615085515449576,-0.7783780478406557,-0.530242040673673,-0.5282684330074083,5.800159855298731
0.35979403030261303,-0.17748140479166852,-0.12951865358407388,-0.7003255642732246,0.5089785984256614,0.9484787058986239,1.0068670467132224
1.0,0.2907745492216962,1.0,0.06086093984803442,0.8830687872057379,0.6617974912831086,-5.3153639316113885
-0.9213038983256021,-1.0,0.5583653060713178,-0.15481815501245388,0.3229690453460796,-0.3789203840954127,3.7595213289031757
1.0,0.8512647896859495,0.9290303515521188,1.0,0.02244274992482226,1.0,-3.713686261105488
0.9054586256183919,-0.20735941805280844,-0.7178010502873973,0.7519916439989476,0.5581797127692898,-1.0,-0.4716849761707026
-0.4175308427318096,-0.3027933005637031,-0.4130640909893193,-0.36586022598819457,-1.0,0.6298189344775973,-0.12756315127725937
-0.959756888305356,-1.0,-0.8915013457331779,-1.0,-1.0,-0.4686810477213678,0.5260522475019416
0.09557021991891831,-1.0,0.8718291256915239,1.0,0.05484540334778715,-0.13916574791916198,1.4138640322621676
-0.6953244222375567,-0.6470020355757676,-1.0,0.6174572239041686,0.16453566390530158,-0.09944550730086343,-1.3848374984521024
-1.0,-0.8478219299069454,-1.0,-0.8270936442775554,0.10394099951539304,0.874594837220448,-0.594296224806315
0.7683045488545848,0.08054670248696916,0.7113268408111297,1.0,-1.0,0.01299507120125798,1.682716246820428
-1.0,-1.0,-0.10824929983191245,-1.0,-0.17823881153489163,-0.36839323344669683,0.4592455483040552
0.15701810268686722,-0.3180137460726684,0.4463743393020833,0.7844424266916715,-0.024389411988661736,-1.0,2.781332353250371
-1.0,-1.0,-1.0,0.08882941851447423,-1.0,-0.644663676242308,-3.2159611575441938
0.19916447406460813,-1.0,0.2538139405114129,-0.2801784741705305,-0.16894830736408828,-1.0,6.459644581556485
1.0,0.6885071274777836,-0.2325401774701012,0.9504901712679963,1.0,1.0,0.4870755531463635
-0.13999169144495882,-0.0765226662434802,-0.7982696857769662,-0.29391583125670007,1.0,1.0,6.096007089457909
-0.7650303354099585,0.27256576894406814,1.0,-1.0,-0.10495860253466094,1.0,-3.714008523206748
1.0,-0.14777568747833814,-1.0,0.1255572819384031,-0.8099490291467107,-0.23009831975411532,3.738496049515753
-1.0,-1.0,-1.0,-0.7862809204097196,-1.0,-1.0,2.2600569015167435
1.0,0.09550179011636883,1.0,-0.42086970484382846,1.0,0.8173174879140304,-5.842318420578225
-1.0,-1.0,0.017233097605220626,-0.13788767400927715,0.02140272683172506,-1.0,5.7498562087033465
-0.33110886045836785,-0.0734176299188003,-1.0,0.0811988498653734,-0.6921986493730959,1.0,6.899274322575317
-0.09207239722455163,-0.5271700336097455,-1.0,0.8540629813198684,0.3442994137807366,1.0,5.390224977604283
0.959217904905814,1.0,1.0,-0.4801594583080768,0.44483314246848094,0.6096026476037906,-3.0588749814213094
-0.4172179602592373,-0.21253127822193452,0.050635414783887736,1.0,0.29970371711733745,-0.4014204343496406,0.470580950633352
0.473889361219153,0.8067343586619956,0.33156837036973663,-1.0,-0.0790301333512895,1.0,4.368755866342135
-0.29014028893847366,-1.0,-0.25977970264955763,-0.06879839621252604,-0.6365594414396567,-0.3637308780838343,0.31441761467656804
-0.016926907032612848,0.29120775173487096,0.7200554905053891,1.0,0.8889578755257035,0.9204724477559537,0.8253832917587007
1.0,0.6076123958558559,0.15427172444395532,0.4944602548367929,0.15848727314734268,-0.02156615400650541,0.10576446810415946
0.3270885789668327,-1.0,-1.0,-1.0,-1.0,-1.0,7.059957149829079
-0.33414167932112915,0.6463548425388344,1.0,0.718724141937489,0.4761803800389932,-0.5293854971634864,-0.38692327315390607
1.0,0.42634964939956155,0.5856391265535767,1.0,-1.0,0.013005687319231019,3.2924480776560907
0.3781744201645272,0.09436336533366063,1.0,1.0,0.08540791522379634,-1.0,0.6932449384127177
-0.898790991287806,1.0,1.0,0.46614466522174336,0.054477783170442884,-1.0,0.22674440159430276
-0.2345332362849193,0.74399038792459,-0.8485716119719118,-0.7202897535992461,-1.0,-0.9245175162531349,-0.4692797733375257
0.5165819436989906,-0.2998928850584212,0.7726723845041144,-1.0,0.2604058969248026,0.6251312115950237,-1.7082123824840822
-1.0,0.20983389666624852,-1.0,0.5343500511166742,-1.0,-0.29682362870786516,-3.7419404336051056
0.3864652808208342,0.04510330033358305,-0.13008179008647486,0.10487681102677948,-0.4670669598568695,-0.20668618987799325,0.3540283310084586
0.5459669554169351,0.8289067551388869,1.0,0.7844691685044249,0.3216800171737847,0.27191749277192856,-3.8355253858100578
0.8892252553604421,0.9273644898742661,0.6034546172706978,1.0,-0.18949699884863913,-0.34085258447973377,1.2583380101568258
-1.0,-0.7079955038083919,-1.0,-0.7610718687311325,0.5979186161698973,-1.0,6.144233495497886
1.0,1.0,0.6466579683153744,1.0,-0.709966522539834,0.17688817010856717,2.1921141247304172
-0.08477589219576387,0.24336247647133344,-0.17375109701565827,0.4454196454287749,-0.37868802589648,-0.47867932861934825,0.9411818780365364
-0.7602556573702706,-0.015602822679018802,-1.0,-0.31467094100404247,-0.6657318573130275,0.36312568172507254,-0.2715937921907596
-1.0,-1.0,-0.0016029126722003628,-1.0,0.9152129100559221,-0.3293592744524082,2.9418067523769844
0.582359455499897,1.0,1.0,0.01790381735475144,-0.7895795804942789,-0.27947010613777734,-0.7615974774099616
-0.8087994439171866,-0.6310780542075849,-1.0,-1.0,0.5493117684294916,0.8506680507655215,0.47303396901095524
0.048084654314851094,-1.0,0.05881231047053151,-1.0,-0.34158445613801924,0.49862719226570285,1.505235188968765
-0.9533485121260711,0.7373309565406465,-0.5585404482506946,-1.0,-0.6246269598887499,-0.7080022834471218,-1.6962236463434526
-1.0,-1.0,0.6372991079882322,-1.0,1.0,0.18467362984665425,0.7662919676358004
0.8735160753241511,1.0,-0.26090445577702615,-0.20573684078225074,1.0,0.32627677263617894,0.6242953040989064
0.5681770939929418,1.0,1.0,1.0,1.0,1.0,-7.268955273793498
-1.0,-1.0,-0.18726935935864464,-0.24119012010547625,0.2421386722053327,-0.20141476719846838,0.5210848096645493
1.0,1.0,1.0,1.0,1.0,0.9138907303176387,-10.129364495025843
-1.0,1.0,-1.0,-0.3840141306940857,-1.0,-0.9265573238043399,1.741242232075063
0.5606239411283879,0.32076316988070375,-0.7746882750973816,0.41435695703224407,1.0,1.0,2.693971009698611
0.4072671245224313,-0.4842830739723274,-0.45252223370007194,1.0,1.0,1.0,4.260075837441549
-1.0,0.054397060106946726,-0.13805394087644668,-0.7406567397475421,0.6196452618225745,0.13390174381841924,2.547798971686708
1.0,1.0,1.0,1.0,0.6870416629451894,-1.0,-3.3869790738594565
1.0,1.0,1.0,0.032099540766040935,-1.0,-0.7516506678367572,2.567656620663026
-1.0,0.16008521375515977,-0.5727156253009752,-0.6202178166879291,-1.0,-1.0,-0.5860622938325996
-0.5824688431348355,-1.0,-0.28091093359895947,-1.0,-0.5044019661294241,0.7732201490084244,-1.071412147238767
0.8557619410769846,0.7226256580688646,-0.258968344996856,-1.0,-1.0,-0.4292111731664805,6.539157900161369
0.8707874405784259,0.4798460224172545,-0.6523670486616677,-0.3141643405389621,0.01727330116508452,-0.7221962221035164,0.6652650830913677
1.0,0.8863178961599911,0.6917054999867347,-0.3012010516389527,0.36548782960602444,0.7924767238686263,-1.2031167274315897
0.46580277465097913,0.16809937855751478,-0.7507018941690778,-0.4224494779380521,1.0,1.0,3.2993502434151223
-0.5568611027234478,-1.0,-0.08658874809505335,-0.8703140879823317,0.20608351888691734,-0.12119316951860623,0.46674318139001625
1.0,0.7782586618752784,1.0,1.0,1.0,0.7908122814873156,-8.488098583611094
-0.24166407351058225,-0.8320382240635407,-0.4323744625582173,-1.0,0.35890167539184853,0.5303427256923927,-2.227300246739688
-0.6291960106625198,-0.03744719596388291,-1.0,-0.9301811230830324,0.9543047196359857,-0.6035603438477126,0.9717618564184091
-0.49662477829640284,1.0,0.5758413353873053,-0.24554597374007214,-0.22150211752636162,1.0,1.002727479873539
-1.0,-0.3271634237009331,1.0,0.9712609985982066,-0.9932040953459946,0.9776165855452948,-6.252525290522484
-0.3786621955574373,-1.0,-0.46651093872490657,-1.0,-0.2914538465506808,0.5806638782657676,-2.2496286841033233
0.06191946319884123,0.38084133283656185,1.0,0.4271344867191331,-0.2240775263049807,0.42799966100646236,-0.777480719730647
1.0,-0.27287079389686464,-0.051696335990355835,0.8545436185444748,0.6364305907117487,0.3137217464036758,-2.1691173641685206
0.5408517638662975,-1.0,-0.21564652420917613,-0.7422671674344145,0.6707695250259831,1.0,-1.1640559165083828
-1.0,-0.7455120065073044,-0.5257071481364788,-1.0,-0.8418935936532821,-0.36727134237431786,0.9082061679535361
0.858974694436035,0.17562924424574128,-0.4939601445369261,0.18575826796215744,-1.0,0.06410595088284188,2.557354461023575
-1.0,-1.0,-1.0,-1.0,0.24308707187928347,0.5282896955180818,-6.928070887141454
0.7638089834590858,0.049179936627081755,0.5278681567241256,1.0,1.0,1.0,0.40818700641324274
1.0,1.0,0.5871335327410512,0.7200221657894419,-1.0,-1.0,7.343761449384552
-1.0,-1.0,-1.0,-1.0,1.0,0.16262113965845626,-7.605150489372678
-0.8515425184062341,0.1801786610919318,-0.1462030365700191,0.04293457084805816,1.0,0.37700952584041847,2.1259725568094425
0.2807012150335091,0.6317570878343939,0.7200331669108013,0.7788411827061883,0.19247440742208233,1.0,-1.353169433841776
-0.5319451374176078,-0.38448815693191496,-1.0,0.39289538456332934,-0.5841449928192962,1.0,5.154920314072935
-0.9652295517539641,-1.0,-1.0,-0.9326770558687418,-1.0,-0.9723606584480459,3.8602417168713905
0.8958122186273572,1.0,1.0,0.5847461628244313,0.8848925354883497,1.0,-7.490909272319586
-0.2936527379507441,-1.0,-1.0,0.7602156306187415,1.0,1.0,6.1139405129592745
-1.0,-0.633828276587497,-0.7885191772476148,-1.0,0.8273360884196748,0.5752411895681584,-1.3105107424354858
0.5558911665838586,-0.9337032467510291,-0.6320443563787774,0.6970861953759235,-0.7072377604033921,-1.0,2.323306983269914
-0.12128308108515617,-1.0,-1.0,-0.358069063078632,0.6982606556769817,0.025844054798160876,-3.289851468266552
0.7432774585807073,0.25169766000029015,0.5051920246542565,-0.5359524486147347,1.0,1.0,0.972184434639806
-0.8704052596237484,-0.5645699379647013,0.38918040835580847,-1.0,-0.19539321155768952,-0.8710860500780855,3.1934368905453137
-0.7507307067392397,-1.0,-0.12749151608675358,-0.7987100239554663,-1.0,-1.0,4.828475136971621
-0.2630067149128908,-0.8428891173737179,1.0,-0.5329024819067744,1.0,0.6392574663568462,-1.1880187538016551
-1.0,-1.0,-1.0,-1.0,1.0,-0.5776682813347428,-3.4820592475497723
0.33954523134285264,0.29637870251703635,0.6964551736706603,-0.13646998492226464,0.42722395918008815,0.2433655619847246,-0.6762975496771063
-0.04558784870907673,-0.3506038904263342,-0.6079181028938296,-0.7813349358943451,-0.05941286792281342,0.979193783915184,3.179282898712446
-0.777642090460057,-1.0,-0.18046982508664267,-1.0,-0.34165126697797965,-1.0,3.9674966352205074
-0.4433561577660643,-1.0,-0.4067532238151087,-0.4426307880358648,-0.28707259703520527,-0.40601725936284366,-0.7823948277981521
-0.6519357843726753,0.7451977261968903,0.6823356473076403,0.16354786727317855,1.0,-0.11674258357086198,1.1049220798505595
0.08720390707161041,-0.9616873571442589,1.0,0.5543979614036276,-0.4455679521238918,-0.08291811948814598,3.152514993599469
1.0,0.9279712790252539,0.034232497130596284,0.5845238198983191,-0.11870165552944936,1.0,3.341485032459848
-0.8083182609404254,0.005323207643097568,-0.04034318345270216,0.607870998889819,-0.045442080634263915,-1.0,3.1137902174789054
1.0,0.20710042728499323,-0.89278498589352,-0.6873746184448122,0.45698956363511367,0.10274917326617339,-1.027971601412601
0.9346093091364926,0.14833277741200268,0.5532928594388606,0.5301640031785948,-1.0,-0.6564661604560598,5.631790646541155
-0.049378432345575374,1.0,0.9419611498831685,0.21075023488316458,-0.3620098009248326,-1.0,-0.6187291473412467
0.5253239975724039,-0.003237690647861724,-0.04035306442440467,-0.47822946514047004,0.7724001739966936,-1.0,1.137933684853194
1.0,1.0,0.48415819385359204,0.08023115187615537,0.37172393945175075,0.19418452853530044,-2.8063467433948763
0.37701223777302906,-0.7153384643359222,0.5852898161259468,-0.36455019344606093,-0.982824715796478,-0.23296955752359927,2.415717745862084
0.4695321077314375,0.31705275014336215,0.1260074182669796,-1.0,0.0362625204699365,0.7240222277681813,2.2081424969645536
-1.0,-1.0,-1.0,0.627786989476466,-0.28925508251024956,-0.009308182950914734,-6.519060338587831
1.0,0.1310436725250539,-0.9111672329656597,0.5407547325749441,-0.9169872955880771,0.017998274316753674,3.517101644527371
1.0,1.0,0.41527728247455087,1.0,-1.0,-0.62388093711444,7.204881807008983
0.03340630113748544,-1.0,0.8435459184648993,-0.45936293060406724,-0.42619808219831334,1.0,0.7427678518804037
-0.44611666534762634,0.12165433192523056,0.06706685134347506,1.0,-1.0,-1.0,2.0912900342215095
0.656029926911161,0.14528295120673929,1.0,0.9763192540616534,-0.4237062354705081,-0.16248138034167803,0.015149476460818267
-0.23925531035449643,-0.20210950682997852,-0.5794475299162595,-1.0,-1.0,-1.0,1.9535775373486788
0.35406054165522255,-0.5034042381637431,-0.39862313088374224,-0.6152250340569811,0.1260486844627846,-0.13345903712525764,0.17251577756251796
-0.019288193150124977,-1.0,-0.5585407125951243,-1.0,-0.4838647780675345,1.0,3.307550694764707
-0.9048559187028395,-0.92445748714348,-0.24458746645030904,-0.07514242836464513,-1.0,-1.0,-0.2327610306117045
0.13564620741004557,0.07710858784473854,-0.7440717144750519,1.0,-0.0635571971775194,-0.5446294427297036,-0.11054457371466536
0.20373054577975985,0.4175291448750703,0.04018578060216388,0.3460707841242399,-0.32517213591376803,0.5543440770176733,0.5928947074161625
-1.0,-0.7947062703267698,-1.0,-1.0,1.0,0.250814455506688,-4.929321512358763
-0.7494158638876391,-0.11143674942358217,-0.7634739016624774,-0.06295150979952435,0.9680034399956529,-0.6419069465682701,1.1835756562792623
0.7423717543154114,1.0,-1.0,0.17554375429779911,-1.0,0.5190777520681095,5.728793278272368
1.0,1.0,0.852673538215194,0.13567513998889585,0.5121367555468385,-0.3313592642697868,-2.733879696149476
0.022194201871453267,0.3930416868100235,1.0,0.5697562868327171,-0.3297558885231936,0.021120283581350575,0.34238851111288493
0.7554021406123508,-0.8269730229464437,-0.38710038259668583,-1.0,0.07528621062815466,-0.30300695614722395,1.1420000536511234
0.644666363625038,-0.9579139955943581,0.5252008225727031,0.11877745080318819,-1.0,0.7682473126837094,4.791654865372918
-0.6531005751764821,-1.0,0.27389643668335273,0.7090511946412028,-0.047529595517329604,-0.5983790404901519,0.9865705044340367
1.0,1.0,-0.4565675913947357,0.38553079379120275,0.7240383767215613,-1.0,0.18267289298239398
0.6709743619362153,0.6908407961482514,0.9679545721653564,-0.17734078891892252,-1.0,-0.7259021183047032,2.403621699823864
-0.12519481918072356,-0.9400610565067249,-0.5410817563239202,-0.22996425563462658,0.44309791985132563,1.0,1.541995349402169
-0.5576927654337636,-1.0,1.0,-1.0,0.11672752888057236,0.44021172585278623,-2.602021953604657
1.0,1.0,0.5456681179152667,0.7304036172664777,0.2664259937489409,0.04402189265747014,-1.9566810844821454
1.0,0.9964497574982365,1.0,-0.3234721325373016,-0.7188593948465196,0.3849457355095652,0.02431571151226434
-0.08661300445956749,-1.0,0.19294726076755617,-0.9552997885671017,1.0,0.33920634146889683,1.7871079911806635
0.26864072300098873,0.7538267776230969,1.0,1.0,-1.0,0.37042350131658397,-0.3294111960447089
0.4339219223680363,-0.512954694373368,0.5548471604144787,0.4389807868546699,0.10316702891610408,0.5605231347630715,0.6048749433035776
-1.0,-1.0,-1.0,-0.8612367565579029,-0.10481448595996246,-1.0,3.0915697529315516
-0.1094098264581932,1.0,0.30425595005629225,0.2465886750211202,-1.0,0.8330164617933173,1.454750113737104
-1.0,-1.0,-1.0,-1.0,-0.6152246976079272,-0.5299875946709839,-2.708685685358046
0.3145631708950529,1.0,1.0,0.3041420046412664,-0.5008912727531933,0.5142053284294439,-2.479276871159463
0.12041255080001058,0.4526939496417247,-0.14469941662495844,-0.807309390133846,0.3409865403017459,-0.7577911542174564,0.6078348018822985
0.21135524263410005,0.8514715570507099,0.7920463891596656,1.0,0.17240421137018247,-0.025362961310707588,-2.345938146701648
-0.05725910505777665,-1.0,0.49458634807549556,-0.6672671144017698,-0.1913803241063473,-0.11878375225606597,2.019456630506072
1.0,1.0,0.6475966113845095,0.3839619798755236,1.0,1.0,-3.3370658450499766
0.9004986290849015,0.23086652701679466,0.2944734728642311,0.9910436438104632,-0.10011462110604846,-0.3593917234058778,1.4154985605638954
0.7675939803771111,0.6150066249900656,1.0,0.7488582732346281,-1.0,-1.0,6.421264895636053
-0.4294375449152059,-0.1673884812188804,-0.311104789748021,-1.0,-0.004907469039282741,-0.38359567559835006,0.0815279934761765
-1.0,-0.270343241187358,-0.5435368108305196,0.5979979689787692,1.0,1.0,7.151164128803318
0.10835723825699894,-0.7485341817222182,-0.7534651189530635,0.3331119751758367,-1.0,-0.7078132952283596,0.3207966150447587
-1.0,-1.0,-1.0,0.39718015797228445,1.0,-1.0,1.3454269053651517
0.7745019266802946,0.2802524404088187,1.0,1.0,-0.17555116420887695,0.41991633422464136,-0.9827216584214344
0.7697972597787208,1.0,-1.0,0.4288809578395184,-0.29938754762029857,0.3060580987179574,3.4390674129761964
-0.08345151287768621,1.0,0.04875760390426631,1.0,1.0,-0.07025183328098394,-1.0495763047119926
-1.0,-1.0,0.4704365735014887,-1.0,1.0,1.0,0.13478655940911866
1.0,1.0,0.8723488536753112,0.4498722242738633,-1.0,-1.0,5.888339580216948
-0.11241799092720528,-1.0,-1.0,0.35906561478348975,-1.0,-1.0,-1.077132073783086
-0.049425071826982026,-1.0,-0.9871789570743463,-1.0,1.0,0.7110218662177499,-4.185658758752352
-1.0,0.8762312920370375,0.07603250637445225,0.23565298370980148,-0.09920831125552093,0.08105297079859253,-1.2289056978328263
-1.0,-1.0,-0.9672320965326868,-0.8805552559914227,-0.36662562141152577,0.20684354403687638,-6.8472545128321975
-0.6492987043275344,-1.0,-1.0,0.48978744565407467,-0.5255249599854988,0.32315413196803766,-3.538012964346164
1.0,0.31466569952010826,1.0,1.0,-0.3164398543664122,-0.9566439572992407,4.287503202929106
-1.0,-1.0,-1.0,-0.5494483862166439,0.07164598761346058,-1.0,4.209000013950042
0.21937147456496653,0.7913194986830261,-0.7632817646481972,0.4413103790402276,0.2871993812408251,0.8744064504409181,3.611460396961841
-1.0,-0.8349556353797483,-0.8391776899486436,-1.0,0.43832128440770207,-0.7461505249537512,1.3027649983024439
-1.0,-0.9997210681327988,-1.0,-0.27234337197457337,-0.6583289241663028,-0.06878979866745316,-5.887709508928186
0.3926272169957928,-0.9676790498406849,-0.5441878555120085,-0.1893248955892366,1.0,1.0,0.9838574101035392
-1.0,-1.0,-1.0,-1.0,-1.0,-0.8797106886601767,2.6867850097737853
-0.28342991288774555,-1.0,-0.4846477390051569,-1.0,0.839382770541752,-0.21925115558198915,-0.4288732808657223
0.3378733952545134,-0.45502934100194703,0.44055243809445904,0.2088507720768199,0.6766301644527265,-1.0,1.6441083761545494
-0.34128826340305807,0.5051392467550988,0.9344547874364668,0.7833323103065253,-0.30550050959220676,-0.14787815193896803,-0.0833832865562667
0.7666558106327104,0.063447260464362,-0.608580282708648,0.9523330958346781,0.6848964190719347,-1.0,-1.5619595826622499
-1.0,0.3029093549385262,0.347205019318073,-0.5370962768778909,-0.05596619118475234,1.0,0.012013411944550995
1.0,1.0,-0.1517677895384032,0.6436292554585288,0.36718399035702176,0.4791964808493331,-0.7770111581233828
0.5623704132417131,1.0,0.4684507538926155,0.43507898299976233,0.07944377793764767,1.0,0.7589435788737384
0.25412834624644565,-0.26995805804241785,0.7545957410373647,0.5915077007713367,0.41079909665093584,0.9273840846292334,-0.6807197722227983
-1.0,-1.0,-0.06317884406779076,-1.0,-0.6827451044713296,-0.059541785070297004,0.129693445196299
-1.0,-0.8256313066327977,0.3969897984305576,0.4761796535675572,0.9559072179747602,-0.2504402988523431,3.0064090958389924
1.0,1.0,1.0,1.0,-1.0,-1.0,8.59866370589186
0.3099019689004656,0.630286795698065,0.7748126983475382,1.0,-0.16049088303061426,0.3476783086342493,-0.8534702977770892
1.0,0.6922308213364783,-0.14626733189476793,-1.0,-1.0,-0.7995630411745499,7.448773806601399
0.3894886705817973,-0.8034560365889654,0.26481872217016456,-0.2767588652615703,0.16452997764394572,1.0,1.4563189035087012
0.8720591519902234,1.0,-0.6796761628871518,0.15248643837797526,-0.568446638064652,-0.4251654227411531,4.151989546207577
1.0,1.0,0.11783086857519698,0.8489079884924087,-0.6371423731315858,0.38003528848564744,2.819988294120119
0.827717873117146,0.8686135435177543,0.7924153566736496,1.0,-0.7299209825764758,-1.0,7.750428305372583
1.0,1.0,1.0,0.541348222987799,-0.13647532918892297,-1.0,1.5011993596261795
-0.38188966750263004,0.16210496937737245,0.9969441802251096,0.9797165203623507,0.47432288844912446,-0.24077836968524546,-0.6021458195470891
0.027473855767490063,0.3465295738583337,-0.42378257200788394,1.0,-0.05802971351473685,-1.0,2.7732513422438223
1.0,0.5145458872450503,-0.9419755558908871,0.7685968556242619,0.7658880872944294,0.6438029760025623,-1.161177353654578
1.0,0.23986306619345532,1.0,-1.0,-0.4153067540796613,-0.17812322113306014,1.2778907538373938
1.0,0.09484342701075099,0.2754035232951473,0.7167020753413924,-0.4770613186654802,-1.0,6.4161223310371716
1.0,1.0,1.0,0.9109974437514277,-0.4993386796209278,-1.0,4.900411198068414
1.0,1.0,0.3752921869709889,1.0,-0.333663593460258,1.0,2.6059161750185993
0.32218734776837576,-1.0,-1.0,0.3247044661817333,0.17867136230498437,-1.0,-0.25834046555494494
0.38234809724389707,0.3997965588223549,1.0,1.0,-1.0,-1.0,3.0580128452585313
0.06331548706647572,-0.10208010149877189,-0.1487757364204817,1.0,-0.9907227202256164,-0.9362190980061567,2.7220877528357383
0.489241608102273,1.0,0.7734215715336119,1.0,-0.06131915806913121,-0.3147696918137326,-0.7922908284230625
0.32194370662502536,-0.8691936243168713,0.45583489697251617,0.1496328617637262,-0.3942382448872713,1.0,2.4142802861738506
-0.9137947148642209,-1.0,-0.03744591761042715,-1.0,0.5442456609488294,-0.6501118120395996,3.274179333662588
-0.9152005877209147,0.8950045979463326,0.362979054080901,-0.8754514890747997,0.6186818390753346,-0.17600310077294412,0.5399980081848239
0.4823917018745659,0.29441618211419,0.18044960484282052,-0.1086298610246102,1.0,-1.0,0.9161494962126768
-0.9992456494222623,-1.0,-0.3034649551505846,-1.0,0.19391289042441928,0.06130348547368314,-2.693753158630438
1.0,1.0,1.0,0.3172319127157555,1.0,0.5157015084062007,-6.7720310925251646
-0.20652489605733726,0.6696624310478685,-0.5029651879953408,-0.5920281319482846,0.1329912979948642,0.06088489927275709,0.195390618640301
1.0,0.044665520381850676,-0.21458335283662355,-0.5425917817376611,-0.08875977698867174,-0.7160482840547517,2.844381987158192
-0.22313338339490385,0.35959048731980714,-0.07647465726394453,1.0,0.4173715037522264,-0.5037382792787691,1.3330857253591728
1.0,1.0,0.6588352210005004,1.0,-0.021904502334392784,-0.9469045404832062,5.295596674886076
0.8795046600494036,1.0,0.3619792693427677,0.267815492638521,-0.015693941557644364,-0.2618784019855842,-0.4238655145826059
-0.09393696940286045,-0.37559016174118365,-0.21690953254134485,-0.7498221884756475,-1.0,-0.2317781930246735,2.2604939182812283
-0.15314738804469902,0.00621810526154154,0.23529065006298877,-0.5061271823578701,-0.4077991157947711,-0.7818221122997367,1.0715279670370843
0.4504611580791335,0.46223951657569695,-0.8382916259396618,0.16834484998443744,-0.3336516168407862,-0.6991872132220722,1.2343893259435168
-0.8708804241512936,-0.5482219930757947,-1.0,-1.0,-0.12451765777680368,-1.0,4.512538210329171
0.6530227169458698,0.4662818744245808,0.6850983759715353,-0.23089848837065735,-0.31294008642031335,0.43939655537205846,0.3804349312562265
-1.0,-0.1260153505209609,-0.4619639245669489,-0.070893899131519,0.5303278074074687,-0.9087288340170678,3.7259427256774256
0.34684899858624574,0.2391233954081181,0.1576324942608311,0.8503507697154147,1.0,0.47585315770707104,-1.0902226910497905
0.7576381522890915,0.1688815340158798,0.8255863816429208,0.21083128182565558,-0.674015770667634,-0.2064072486847187,2.5239845617564485
0.07292902312215849,1.0,-0.6372866570835684,1.0,-0.320975165388961,-1.0,5.1615848179580714
-1.0,-0.5617030390780748,0.5923334432278838,-0.5158184204560254,-0.9293058711532871,-1.0,0.8705929097602052
1.0,0.9159430385862941,1.0,-0.02840804010392539,0.14610700768432422,0.8998886935511464,-4.419764871202655
1.0,0.6218485299816494,1.0,1.0,1.0,0.1816605360542506,-6.251836159242693
0.9900056926555296,0.8421378082333146,0.1662126913750318,1.0,0.014851941876373509,0.2555203787114655,-0.882609263105345
-0.8726109385483942,-0.9953683282774137,-0.4845921460536273,-0.5137759993245281,0.21216452724668822,0.988375061360951,-0.5017517332089476
-0.13592995701313604,-0.8211455370501671,-0.9320383907059533,-1.0,1.0,0.6748797363556865,-1.1213827011616062
-0.02743171801860178,-0.8894759570233653,-0.9458159850206483,-1.0,-1.0,-1.0,6.054004107394814
-0.9595127394219272,-0.03175423643564307,-0.26555571734827516,0.27806104767408313,-0.7403768334452474,-0.25941175335170974,-2.9682095099073225
0.48986662360265554,0.763685761592739,0.3537862393987703,-0.9027720482232016,-1.0,-0.6909935175575379,3.1122434006809767
-0.4719931013112857,-0.5532717083413705,-0.5676057233485606,-1.0,0.1721303106502894,-1.0,4.126089279057304
-0.29864174950080036,-1.0,-0.2538169619170487,-1.0,0.6080290479172928,0.321579540175287,-1.9216856158928977
0.35039080787590193,0.514713400926878,-0.9205819255776058,-1.0,0.06660794089724092,0.9591871332529749,5.932333681147464
-1.0,-0.17771854621881067,-0.16513391598353144,-0.028210033050053956,1.0,1.0,6.100139696679125
-1.0,-1.0,-0.21717772470484603,-0.1441833868111495,-0.11766035944962006,-0.7160467339978808,1.8932882906468864
-1.0,-1.0,1.0,-0.0016577300026578978,-1.0,-1.0,1.9699865376503867
1.0,1.0,0.1866370875605381,0.7194631298634895,-0.8704494962725775,-0.5033240064976712,4.162982341287776
-0.6783132622875958,-0.6098064434879837,-0.6247524499752592,-0.9726541049799866,-0.7509170726131422,0.5370729041748643,-0.046175001197134524
1.0,0.680629388150451,1.0,0.37893780928480436,1.0,-1.0,-2.470871071675422
-1.0,-0.4496685576646182,-1.0,-0.7637709820651643,-1.0,-0.15840407231673814,-2.1617815769396356
1.0,0.1261676150956716,0.5562401402089039,-1.0,-0.9647631812670183,-0.05795890072865517,4.186124404520798
-0.049544177829769165,-0.7989878594735904,-0.47467212557490845,-1.0,0.13226970157839593,-0.8887927263058062,2.7304849985913227
-0.20547279407245966,-0.4510841630849245,0.6879065913754775,0.16270848174281743,0.8114454615263494,0.9534760733896784,1.0900347202245202
0.044468325652126994,-1.0,1.0,0.4726830065636106,0.08766722291193296,0.7321125868247665,0.5983600269974931
0.6146838516895645,1.0,0.5702207327109599,0.5384959640111091,-0.24398914230625157,0.11067708115003572,-1.2334947915222296
-0.906691413677394,-1.0,-0.220546834838796,-0.8762688652219741,-0.7388829034943392,-1.0,4.082219635275848
-0.23185783176112107,-0.7507220271365618,-0.10259119823127427,0.07540793010359792,0.8137363021667154,0.3037102979900361,0.35995647128300023
-1.0,-1.0,-1.0,-0.6059301735666498,-0.10610902218521891,-0.6306584041303132,-0.8703095744966319
1.0,1.0,1.0,1.0,-0.4630027713393142,-0.33647879590238994,1.4207216017191056
-0.6489252470849061,-1.0,0.2661690294522212,-0.3422595546024596,-1.0,-0.1701554655978903,-0.67097451235491
0.5930869798492069,1.0,1.0,0.3355099254094078,-1.0,0.15043176258340063,-0.5312503392671478
0.40854152572931024,1.0,-0.10402063158512528,0.3727864873532798,0.3742349543623248,-0.706180738520697,0.3756631515233186
1.0,0.7114452820734238,0.5287389660699902,1.0,-0.8657320645359461,-0.9835480972641094,9.404901307767743
1.0,-0.11970517782607082,0.8229926880125968,-0.17705746683892454,-0.08544450134279087,-1.0,5.470406221334612
0.0006471559273588667,-0.34186067011151144,-0.5328217696922938,0.587632854968873,1.0,1.0,5.581812599484845
-0.3708098736686023,-1.0,-0.035224818735044905,-0.7870910370727026,-0.5522607516281969,-1.0,6.0488314651972495
1.0,0.8537165412782082,0.6498001605051407,0.7669646301417921,0.3754177999651416,1.0,-1.9359280419923524
1.0,-0.046918296219872424,1.0,0.9138333023400902,0.37041666183224076,-1.0,-0.6705741002043042
0.2402918222278307,-0.2264715359686421,-1.0,0.8169303195668501,-0.3562440197249059,-0.8997962389983727,1.2703239373664614
0.3511708355608748,-0.27707546539578537,-1.0,-0.5476415170094691,0.11359408233598112,-0.21418050227965735,-0.6362309566725833
1.0,0.3754984847916749,0.2371474405340862,0.24886073241920048,0.45634729624320536,-0.9903862067248196,1.9515504167775601
-0.48765407315713594,-0.5397728443045349,-1.0,-0.7114677971072632,1.0,0.27537708156555074,-1.3568724419281804
0.4165177512894649,0.2704323915058259,-1.0,-1.0,-0.2583188584473971,1.0,5.880363043969833
-0.1931196053953499,-0.13165338682930328,0.12172679682119913,-0.20298767400959217,0.49780418977116936,1.0,2.6537318503350456
-0.509913028487495,-0.023402154395597452,-0.9643847285504112,-0.7745392302575822,-0.23648964341234174,1.0,5.786400869897528
-0.14442649346261524,-0.8244518396529158,0.3828547161739653,-1.0,-0.6711128670495075,-0.3270758280736966,3.300681483132578
-1.0,0.053877644371148364,-1.0,-0.613801378609988,0.6890031297799193,0.6376066104763197,2.127016610096038
-0.8779079058732527,0.11024630820526404,-0.8213003724860827,0.3462900756615562,-0.13503290298020246,0.03069807217359838,-0.9222805663815139
0.06437804133928898,-0.9335830031257522,0.40329200410531363,-0.7548484429118865,-0.1945611347831141,-0.6079710427316027,4.161697043290623
0.7927046342980004,-0.36737366238767,0.8397292688758086,1.0,0.6046501259523265,1.0,-2.303821348040494
0.4719928446138574,-0.3060342168302954,-0.18844245783255364,-1.0,0.8193217838063873,0.3156160724766889,-0.34493071411605375
0.44380255212719355,0.6971179854350709,0.689132033938861,1.0,0.06282454308311786,0.6311972017817582,-0.978120979739401
0.641525675468239,1.0,-0.9597857456797452,1.0,-1.0,-0.2883816921777742,6.834278829818853
-1.0,-0.7287330320840659,0.47671144524857334,-0.6798133845961938,-0.813445185386296,-0.4620824472718138,1.620594110285651
-1.0,0.1488533052296085,0.4945897842835962,-1.0,-0.4151484189606005,0.9183966960857608,-1.9210035144903328
-0.8638462054337788,-1.0,-0.022398264506555243,-0.8804880776353277,1.0,0.1201098016909361,2.495379552521932
-0.30867446578957747,0.6856731586162523,0.23170707802050794,-0.22473090071323076,1.0,0.4679346641330997,2.1137753423434313
0.1695642541926572,0.7614497324715924,0.4873506917865011,-0.669668505587675,-0.8012019026214086,0.5079090320558541,2.368952879888389
1.0,-0.7771467747835232,1.0,0.47828727438588603,-1.0,-1.0,12.244745409775982
1.0,1.0,1.0,0.9782194414539118,-0.6684896408703108,-0.20324549361903033,3.843792494707237
1.0,0.9109777682971996,0.4897030348647302,1.0,-1.0,-0.4466180204461976,5.534855821186225
0.9660574900770273,0.6096193584295099,1.0,1.0,-0.692403550672999,-0.5963429786436569,4.540475065761936
-0.31967744846825585,-0.04217884289233881,0.7976860908381997,-0.44455125402130574,-0.7692305512603461,0.7982977158436619,-0.9814333505890372
0.05033867514197121,-0.4349113251396746,-0.07775931090310198,-1.0,-0.7210184010923963,0.08996319948692358,1.799053594226486
1.0,0.23047740836331676,0.2767647695611142,1.0,-1.0,-0.3778846978104643,5.2489931783686785
-0.4187816219827719,-0.0819522741868236,0.1730479714417486,-0.0011400094879167044,0.5851211538731286,0.43617082873818014,0.5980131359043034
-0.5830527844095375,-1.0,-0.8952538717651444,0.44070821270156973,-1.0,-0.9471310071703107,-1.785495112251707
-0.17232363053872124,0.4024408386805025,-0.7934835853333366,1.0,-0.05448692867160343,-0.17713825051653176,-0.7505705573151832
1.0,0.8081691047604678,1.0,1.0,0.30239530089620403,-0.8163743094527532,0.20076542689290622
-0.25070891838418286,0.4264717817028248,-0.8768302065420657,1.0,-0.8120250962641085,-0.36777976116620603,-1.7714936851708574
0.3137458940007545,1.0,-0.06109554505984016,0.7268544972197222,0.72311863392512,0.6270526231670992,0.9495542473466123
0.44947010902041384,0.11583458054479068,-1.0,-1.0,1.0,1.0,4.051878855593249
-0.7071683717211539,0.9838374985678097,1.0,-0.4754051802210973,0.4348987704814469,0.23866931301715222,-3.4978193275967677
-1.0,-0.09974001088020823,-0.2401764283782919,0.10634292142353718,-0.5882203203754979,-0.1849067442115555,-1.043210574912091
0.05013036205601806,1.0,1.0,0.0014695953348234925,1.0,-0.3245994306353164,-2.792466491001716
0.6330928751778195,0.3000328168685733,0.518753350483715,1.0,0.2807535817090932,-0.11671291829246233,-1.0501082856642578
0.3375696254611449,1.0,1.0,1.0,0.7099177187715164,-0.4727935033649265,-4.91714825571239
-0.04508228532639502,1.0,-0.6992775857786372,0.3606632264689936,-1.0,-0.3303480427280594,0.9356804145365354
0.2241521568623846,-0.8580223365084213,-0.586660953590691,1.0,-0.44431342354596826,-1.0,1.4611627044087583
0.9708330493057138,0.9019706222621858,0.02139487814966931,0.8238560634725155,-1.0,-0.44428014071864186,6.686653201049793
-1.0,-0.5451249631070489,-0.47819961526414034,-1.0,-0.004397289828246775,0.4105678714163771,-1.6904609249322977
0.8608600447336554,0.9073440057939173,1.0,-0.1632999284114286,-1.0,-1.0,2.9304976731487407
1.0,-0.39273501120076854,0.21812936584301945,-0.8130768112188462,-0.5901096248128903,1.0,4.892189765235258
0.6849362482244467,1.0,-0.615690323381982,1.0,-1.0,-0.8776900030809456,8.539824315476181
1.0,1.0,-1.0,-0.4834845220208758,0.5878094483498412,-0.06269518465479682,1.0125674125919994
0.7756755769115482,1.0,0.6884354999477948,1.0,-0.3816095039743217,1.0,0.32676848714986334
-0.02314702874222714,-0.5927471323497377,-0.06697440663069844,0.9870547604535855,1.0,1.0,4.3537139742451325
-0.20008278733523444,-0.4596066904569849,0.2751826866494358,1.0,0.5999381959721158,1.0,2.5377825281888358
-1.0,-0.5363313836444072,-0.5822426789784716,-1.0,-1.0,0.2820394765712906,-0.11217292754643282
-0.9434559817322892,0.010860488010678737,-0.5765437498687358,0.4643145869565641,-0.2515933528319994,-1.0,3.4657908024488715
-0.6945851627102313,-0.17830707706425536,0.05690097800143862,0.2747522220942175,0.3908432339131954,-1.0,3.970620527999686
0.34734645739319503,0.5164203662352391,0.18293970477432842,0.06654279830352006,0.10836660181966362,1.0,2.5165596254902862
0.212442179166068,-0.3957507336894365,0.45540358061377484,0.5567161589659185,-0.8426342480753208,0.46180117436570234,1.5268883533696815
1.0,1.0,0.3437710732856978,1.0,0.20736385803876467,-0.7827485337280149,2.7366019201600342
0.2370575255094753,-0.4331186433088311,0.9307646270598644,-0.45554750244005315,-0.6735167342977049,-0.3721331105101645,1.4499131632161557
-0.479779525004696,1.0,0.14887394766763565,0.2807461057901301,0.6110787279509624,-0.2800621263627796,0.3252171319932623
0.04577768899155532,-0.07598680787563827,-0.9329900133470287,-0.9195326193421305,-1.0,-1.0,1.6215435799759645
1.0,1.0,1.0,1.0,0.7358348452710386,0.9755977924010563,-9.178190029658985
-0.91815977364323,-0.015194365255112502,-0.10832505319832864,-0.8275656735887353,0.26062215357035834,-0.7344021453293412,1.651023803548184
0.23515342721024857,1.0,1.0,-0.7120899528126927,0.42559386507177877,0.604441390922601,-2.6497971404244383
-1.0,-1.0,0.8940115790867582,-1.0,1.0,1.0,-2.6791081125412806
-1.0,-0.4067751915058557,-0.9287262708049209,-1.0,-0.15633393158908493,0.4321893848383115,-1.9993509140234134
-0.602873592930067,-1.0,-1.0,-1.0,0.7713444310896899,-0.6749735602178892,-1.7332002627753873
-0.5815080643835053,-0.12199831063526878,-0.9980672244228114,0.14598845337371352,-1.0,0.5323632986775628,0.07244095762646785
-0.38046329653233313,-0.0560980910487161,0.7085465629781817,-0.28437133244249724,-1.0,0.2080499451123058,-1.4147899348564728
-1.0,-0.23876121139216466,-0.06370768848119202,-1.0,0.39014449889692915,0.4006482472410506,0.6201364108020819
-0.43417780309430953,-0.8897697994700131,-0.9844038311385961,-0.7469147440329444,0.6619470992242125,1.0,2.526019451474956
-0.6589436770889814,-0.24401879246474922,-0.7730153655014708,-1.0,-0.24675357198615921,0.07561375167171358,-0.8855849161842789
0.2432711822576682,-0.8252300684937242,0.021275784702179168,-1.0,-0.08897494862048061,-1.0,6.768264859975836
0.04065446593983091,0.8851800905920053,1.0,0.5342412736680202,0.41180240509629296,0.260211941980957,-2.5464748034671723
0.4506846877265098,-0.22682007130842563,0.6121364641513295,1.0,1.0,0.6312677895135028,-1.2606906173226826
0.08554829726424179,-0.13121087955914257,0.4994450858242194,0.6137153338325902,-1.0,-0.5161682322392134,0.715150965082372
-0.18493275525877315,-1.0,-0.16385728423010004,-0.5214487408388249,0.6522686018499855,0.26594928969686293,0.4908402561460019
-0.9585758507627079,-1.0,-1.0,-1.0,0.22977521942539658,1.0,-1.1107813407314622
1.0,0.5331039398372448,0.702406553445146,-0.04733883454382837,1.0,0.4000118117087861,-2.691588564567743
-1.0,-0.4641255956128692,-0.4368874855802163,0.3520460096798712,-0.8214455181994941,0.09592955091514,-1.948396094340532
1.0,0.21571325802029095,0.951426920305456,1.0,0.013562312634119,-1.0,3.615266789676979
-0.1691832300834305,0.8460024365098933,1.0,-0.263292155470937,-0.45346874145239696,-0.015106767316626968,-2.9101211230152906
-1.0,0.27650607358833296,-0.44750985261361137,1.0,1.0,-0.11599912058643673,2.9047685947481354
-1.0,1.0,-0.627386033609753,-0.3514006329929265,-1.0,-0.09385249519797523,-0.5535238608568791
0.3506749458549904,0.13377030448519855,-0.4950585724383598,1.0,-1.0,-1.0,3.2937444955380095
-0.5084823728670951,-0.14960627321889308,0.35066305625541827,0.7194781613230807,-0.029533653236549107,0.5976781196331822,0.019037633783974772
-0.4726695524745712,-0.9085897997501304,-1.0,-0.025188503795004133,1.0,0.3291944450736154,-1.8060913150784788
0.5235098496697765,-0.2999250403763025,1.0,1.0,0.3818694458920666,0.5056957272196406,-2.0641821534404583
-0.33303336805171907,-0.5126825489614772,0.3925090223195047,-0.5970404649899165,-0.12822640397157026,-0.034620793651956944,0.023319026238084357
1.0,0.6272839489878776,1.0,0.6728565825663801,-0.08504591874006484,0.7595677824254502,-1.8683934915285456
0.7105397110486573,1.0,0.1492986305304873,0.710203970167315,0.20335527253041064,-0.0888320399252095,0.03423539526592778
0.9253555207062648,0.17706645891335393,1.0,-0.5321691774637242,1.0,1.0,-4.772899315057947
-0.1768679782756442,0.590021154057039,-0.7266150820974943,0.655760879816919,0.8093241298366161,0.6552391772761528,3.118312698178973
-0.03548143315342919,0.21310775243891272,0.12167026391058333,0.004114581005572715,1.0,1.0,3.8577637938970906
-1.0,-0.5053766411100558,-0.27075004742259634,0.567008822125733,-0.23654032493877297,1.0,2.0051926411728047
0.9349013589729713,1.0,1.0,1.0,0.6936840654903799,0.04347517399839251,-6.228808809936877
1.0,-0.904598338650719,1.0,0.6902612904278218,0.8803442735424618,0.2141252397646916,-3.329452720056869
0.8842077505243402,0.23126962799559414,1.0,0.08411727486530479,0.35121586139430705,-1.0,1.5262366263696718
0.8126162416031223,1.0,-1.0,1.0,1.0,0.04017253188812431,-3.6852490995630403
0.5297134001481079,0.6800099883380641,0.80276366474281,0.7579868877747633,-1.0,-0.8641002242496882,4.219945377031747
-0.017781018232647994,-0.4263647617472404,-0.18613769203545605,-0.8784892389181235,-0.7984582506492299,-1.0,3.674265371391352
0.8865079296786098,0.4662616729487239,0.8240360741863397,1.0,0.38329120583057374,1.0,-2.586814513026774
1.0,-0.13165190681168482,1.0,1.0,1.0,1.0,-7.396585231388337
1.0,0.1135152955080731,-0.23567763996945404,1.0,-0.16509586344396227,-0.6684409033988308,2.139454473163029
0.44191893085621303,0.4196861686667184,1.0,0.14896327219640115,-0.09761504063997672,-0.2820484965833302,0.1192044989199525
0.3060085895358122,1.0,0.6032253106714323,1.0,0.480447081720875,0.9776526597554553,-2.430997684038704
-0.6992843598701817,-0.5246462503793543,-0.14152558406797144,-1.0,0.17306530538207604,0.39224989204474014,-0.4706013492802687
0.3756856252618249,0.7760676359657945,1.0,0.8102018493234288,-1.0,-1.0,2.5741838245123976
0.39978415119297916,0.5736546973007026,1.0,1.0,-0.8855924897203054,-0.31129645897900127,1.037873225339711
0.526013323773032,0.4200361399777168,0.4496318610476997,0.6857806230253647,0.5358913090472652,0.4278635978268255,-1.7773783984489713
-1.0,-0.3087975907222652,-1.0,-0.5684893316436934,0.19471929305686886,-0.46487182312335185,0.3077114393527912
-0.04030377116891287,0.037836636075798014,1.0,-0.8603327423817788,0.05177274601917181,-0.4244466198493202,-0.47168763080963905
0.779414575085611,0.9699538565694734,0.5958408116775149,1.0,-1.0,-0.08795625294343512,4.243407479157104
1.0,0.36545690835299727,0.3438144814763654,0.09465702661084877,-0.0026803033790361768,0.8191020727576156,1.7207918508836881
-0.6854189034285209,-0.6681787797095102,-0.45573937681594334,-0.69884399301135,0.8185616457814542,-0.8047274402335471,4.90888432385257
-0.5932166988620873,0.01689701131967347,-0.344645893072708,0.6650643634768149,-0.19096322425143597,-1.0,2.4819759525026
0.37627062718672355,-1.0,0.4078135650162561,1.0,1.0,0.9825292696852247,3.1788795612801026
0.8888963823464241,0.5951239701671123,-0.05435989469555591,1.0,0.3748035003028969,-0.1671274159571054,0.44775919949173154
-0.6579699315574787,-1.0,-0.7226010019738591,-0.34991430400698686,-0.750760852069441,-1.0,1.901396176801422
0.23538273883380184,-0.7265349928458995,0.08931594154591285,0.47398773575992165,-0.060310683208583904,-1.0,3.1513039573849397
0.47218097084448524,-0.3612487588122936,1.0,0.24108188972591899,1.0,1.0,-3.6895875008780314
-0.033948137425932945,-0.10557792741950811,0.16681052936158977,0.08839090282966611,0.10747628411009497,0.6656121871633852,0.5665649436323945
-1.0,-0.2490585998671637,0.18928803255288912,-0.18726297676479123,0.9581946357481206,-0.13267557719994555,3.308544913553543
1.0,0.8032807937205478,1.0,0.8124158580966478,-0.4075564130310787,-1.0,5.208124454825154
1.0,0.5105028949389715,0.920100134233654,0.19170703123756905,-0.9740650173800305,-1.0,5.3027471118898735
1.0,-1.0,1.0,-0.2657302043488862,-1.0,0.8668158303743208,7.363064861401418
-0.503440231425024,-0.7165431139261436,-0.3920026177103053,-0.33992283711140814,-0.887442145743043,-0.608212138968765,0.9556454959840942
-0.6137698145407824,0.7529914648248573,0.11536230021852956,-0.40653189583110594,1.0,1.0,6.785908355438092
0.44277497964237916,0.7643429459557923,0.8934777077470555,1.0,-0.5448333068343381,-0.4488195899773104,-0.15652401727783527
0.5435523188094891,-0.08219765145348346,0.3725273317489014,-0.3121493207752203,-0.21069085080260408,-0.32091697129201635,0.781013419016833
1.0,0.0810403066309302,0.2061950234578468,0.637519056981102,0.5011904273656599,-1.0,2.540101403862816
-0.1847178944617992,-1.0,-0.8801529792787607,-0.6049515605747093,0.42231436312338444,-0.7748302104923963,0.09550373656218353
-0.5440029767514076,-1.0,1.0,-0.7094902742065836,1.0,0.8376962971014561,-0.6303856046863625
-0.6403929232607228,-0.0894891810207546,1.0,1.0,0.6147332233128082,1.0,-1.6999999974789164
0.11679949627711461,1.0,0.7209999267016247,0.9749090111980062,0.19731972868027697,0.01067868244003467,-3.1498036553537356
-0.8371266552178892,0.28079176295051234,1.0,-0.24478735686754577,0.9540979997506855,-0.022787379861677337,-0.36365588096191004
0.00430104992151481,-1.0,-1.0,-1.0,-0.2976718886804298,0.8968878205236033,0.7043255369754807
0.1855520403306548,0.24505480461958518,-1.0,-0.9414273288827338,0.1397384552299184,-0.32457143848515657,-2.9212649321543007
-1.0,-0.10401193317537616,-0.452400955347944,-0.9762652515113048,-0.2705577487782838,0.07302846885693379,-0.5909452534178411
0.9348354073532421,0.5109820662147705,-0.32673766780663144,0.4990270157025713,-0.5180725871304044,0.18810214152167373,2.18220461014276
0.20504462569933707,1.0,0.22133003709835963,0.5290821213172181,0.21343370463748446,-0.5658209117092372,-0.017860841401794086
0.06045263529406282,1.0,-0.31560053623916345,0.7246108473529353,0.6667717347163878,-0.7150865902389079,1.129597244829875
-1.0,-1.0,0.5588943242933087,-1.0,0.5699871066123117,-0.42539806489661736,2.8008475815244154
0.05811290115514356,0.04281022198368244,0.2828095878106836,-0.35454699956834423,1.0,0.6971166553899921,0.81505920844365
-0.04229953468147052,-0.2862871884371716,-0.7635922765010748,-1.0,-0.10995058872425728,-0.23254073357750088,-0.6724580812782014
-0.1565018526720363,-0.39997881629511817,0.5823361274378354,0.9634712012151263,-0.9530325574290399,-0.024693407281626556,-0.3928546150774305
-1.0,-0.6687567120836235,0.21828901704809173,-0.5022371986739836,1.0,-0.5956881334148293,6.296911866564532
0.6456400309419474,-0.219101289790386,-0.7442650821454131,0.40205356812511195,-0.7479937614913448,1.0,7.998852363109784
-0.25030532293553187,-1.0,-0.20972607427001888,-0.1835217858934972,0.11540868351683703,0.12647921191346467,-0.21215070004945152
-0.1910762229393092,-0.7082682053694621,0.7575377660243293,0.13869051106056174,0.6240048980066567,0.9906542757817663,0.22634463993419784
-0.6546794694796502,0.23333494932208554,-0.1782233858334485,1.0,0.3773527008828714,0.13203870835536724,0.2448809124352998
-0.6770279111991041,-0.09170007680879239,-1.0,-0.8300177500351205,-0.3706931675789924,-0.019835260390870746,-2.0233393176936496
0.2115207905485712,1.0,0.026895227565957747,1.0,-0.6029821249305444,0.32469018928144755,2.330817654340345
0.1467092843662846,-0.3249729971847124,-0.5222048189580397,-0.05239760424565987,0.997650297999139,0.47374483952752944,0.27428512070306466
0.6807299744929514,0.5494520022836817,1.0,1.0,0.9097421522396314,0.40022148112614975,-4.90674653638937
-0.37650674895518,-1.0,-0.45240168230892447,0.2939779626628576,-0.9234028256045993,-0.10171289149422127,-1.1943714470902405
0.6831847340889764,1.0,1.0,0.9677972264236394,-1.0,-1.0,5.846182763970015
-0.5331746199545336,0.43526407447169624,0.2816879236311184,0.860163388787923,0.8677154103638594,0.8325672404282123,3.7373462282848777
0.42185979665160955,-0.6845895243200957,0.17867833764949875,-0.9668426626900098,0.22300559233710654,-0.13487200352770318,0.9363533230878804
0.3476465291687647,0.10666281222456453,0.8487818524236468,1.0,0.9459991561049288,0.16638375456391508,-1.9981430824777906
-1.0,-1.0,-0.5330336213333831,-0.38306571114475885,1.0,0.3244309430066141,-0.05389995796305619
-0.6752828107513518,0.24975190698437516,-0.3674907142329789,-0.40962232891759065,-1.0,0.07635753396139425,-1.696365042524259
-0.611864596129797,-1.0,-1.0,-0.545454237528589,-1.0,-0.7798538152628384,-0.6675165692576717
-0.42112831009896606,-1.0,1.0,0.4785664487226049,1.0,0.35765116953358206,1.375944474568561
0.6648966401198766,0.5253841906947515,0.037299706409347544,-0.009890414296281014,0.4610748129864524,0.4635399133874579,0.011502566223157457
0.9944470396894978,0.3092384101630935,0.14598926873676932,0.00015885657141367915,0.1486839384452489,0.39212547102714296,-0.34304151283941775
0.30466334847222887,-0.5854703639462253,0.22605690611455265,-1.0,1.0,0.525187111359319,-0.3792968272854701
0.514225388674425,-0.6795545111282073,-1.0,-0.22955699276579428,-0.24152928740473173,0.12194644930059928,0.03330132487513196
0.030455913178823346,-0.058355271262779174,-0.9507414302675543,0.09484861814762668,-1.0,-1.0,0.5785412702631155
0.6146556792051003,0.7546174532663326,0.7610790498015256,-0.4559041219124623,-0.3293687715394167,-0.4797568804153171,0.08248148901932445
-1.0,-1.0,-1.0,-0.896590749211911,-0.603687151418275,0.2072894252442793,-6.08169860861565
0.7612529199409405,0.021804107109442417,0.16261706805298334,0.6430288118462816,1.0,0.11474917926091577,-1.1523934909095468
-1.0,0.21778969209567556,0.8143376019491032,0.6306841599013355,0.2573607510660957,0.28971345051670877,-1.5501081521835065
1.0,0.04181812245242961,-0.37856387406264,-0.4455142127278694,-1.0,0.9140032582852121,7.380678572122226
-0.5523542594356428,-0.7835471112347783,0.06601736873022328,-0.13704214612912258,0.29679203986378233,0.02598063293227698,-0.10190840471315066
-1.0,-0.08420910487129074,-1.0,-1.0,0.9194939516256683,-0.054524643012724666,-0.25207055427035563
0.19586192035217576,0.5520628383861745,0.14344971772973453,-0.3580579986347192,1.0,1.0,5.143863994416047
1.0,1.0,1.0,0.09740806240661559,-0.52999811254008,0.06145254463393279,-0.1383662640643593
-1.0,-0.7412359913498081,-1.0,-1.0,-1.0,-0.6816994477681682,0.6089030381915862
0.4610064446436273,0.5819719357908022,-1.0,-1.0,-1.0,-0.9066504496451839,1.0837972336640362
-0.8530113659265476,0.5097054041575797,1.0,0.7924750337867299,-1.0,-1.0,-0.6870600314458358
-0.9111512058560878,-0.7448340021518052,-1.0,-1.0,-1.0,0.4704201305068279,-1.106677133873419
-0.915340849715546,0.31177549265364796,-0.7276565511119624,-0.7645121490519566,0.6442238609400681,0.5310196186712745,2.878085579307391
1.0,-0.08800115032809369,0.6667712628125314,1.0,0.784363241993717,0.2929680068879867,-2.444177277816729
0.8105407448837192,-0.1834573631033823,-0.1108658746462386,-0.9014645050151091,1.0,0.3116676283409854,-1.2618257198496121
0.20103629944196033,-0.48623884355318947,-1.0,-0.9548624075987313,-0.6082871176728157,-0.9550866550568995,4.2161141390941665
-1.0,-0.7888482960110879,-0.012287871588916421,-0.24095960719261433,1.0,0.04472177957280765,2.9075010979676215
0.6150250873587307,1.0,1.0,0.6976525066762159,1.0,0.4027306715669603,-6.567522760168939
0.8955297438112698,-0.3100236896978461,-0.8924744464165169,-0.5525581464741269,0.12018882277190157,1.0,1.6666084767749338
0.020348384605976266,-0.4651752550752531,-1.0,-0.7507791078280353,1.0,0.20514936259726224,-0.9838515231444211
1.0,0.04194765141820722,0.12663056174617682,0.6709248456002438,-0.31008093084729427,-1.0,6.968486272269849
0.1019037401960392,1.0,0.00797991327077388,-0.07426644108334979,-0.8305026841725172,-0.4036389235236908,0.44121549743607824
-1.0,0.11917787543937908,-1.0,-1.0,1.0,0.5492824858691914,2.181473034899253
-1.0,-0.0356393023303323,-1.0,-0.47447858916970764,0.11743057493753288,0.31267118369239033,0.08610067800661661
0.4649237442755807,0.11946910741503547,1.0,0.805061345519525,-1.0,-0.79293625897366,1.939293457249966
0.49534040455945383,1.0,1.0,0.02701022472134751,-0.5217912190981605,1.0,-0.7998428418308601
0.07007890258747196,-0.9677092191482024,-0.3780640400996962,0.3010034424600706,0.13452767502993518,1.0,2.041723892803173
0.4021872359242247,0.046420794190033754,0.39647663994061744,0.5751455351664027,-0.5006971086150727,-1.0,4.502569777056092
0.022277069975175756,1.0,1.0,0.784173386697004,1.0,0.48262325676464735,-5.066848628271739
-0.20257790444593055,-1.0,-0.30598969761818134,-0.602574080743324,0.5102887396365534,-1.0,4.890608455144371
-0.9587926975537899,-0.5659681902357232,0.26297834431642775,0.1922023550023777,0.2954589371457166,0.1613379777956936,0.7873778684704054
-0.3246850401145966,-0.36349400612747346,1.0,-0.5298143945069897,0.5536463906078318,-0.36015451109694124,1.546408465107879
1.0,1.0,0.43619611372365563,0.908199536284664,0.43238966415778224,0.9424938493843908,-0.24087819633081065
1.0,0.028096786054460532,1.0,0.8204705250014674,0.09736284220649859,-1.0,2.9297751670776107
-0.2524335985214847,0.2301336178629385,0.9433962415519941,0.9910686387504284,0.6735254119591734,1.0,-1.014139203870306
1.0,1.0,0.04169441549558306,-0.1609494453334267,1.0,1.0,1.9967687190277696
0.09029383772898865,-0.8371943353285665,1.0,1.0,-0.5949822495782817,-0.055196847952621864,0.3314292863240129
-1.0,-0.23766454942879556,-0.6274363499072587,-0.35882888910601535,1.0,0.28487895794335905,1.9998300455874105
0.6830224194607888,-0.2806506618427499,0.05454430005855815,1.0,0.08955027311971483,1.0,2.39719390902707
0.499125959143647,0.367623159973155,0.9961113059443683,0.37038669969211924,-1.0,0.07664542271026054,0.9391363688694603
-0.6860537633335138,-0.7812681560013771,-0.9928607028900751,-0.6237847932631133,-0.624483808134799,0.43923297962364294,-2.8415959261048203
-1.0,-0.6763704305911425,-0.9614927216878386,-0.1399553092815924,0.9976962403439328,1.0,4.597000888665017
0.5036963979257794,-0.3215815846293759,1.0,0.27888665774926097,0.7197574183725883,1.0,-2.654371441401033
-0.5243228413756824,-1.0,0.16571718839787902,-0.20267060129043535,-0.7381160351294002,0.0952499730268086,-0.7432686715402266
1.0,0.2135350983803841,0.44652433289042337,0.20892192836092138,1.0,1.0,-0.22247916541986812
1.0,1.0,1.0,0.7508505961210346,-0.2648761979593842,0.6024367902425052,-2.9697800306118864
1.0,1.0,1.0,1.0,-0.2736274619504416,0.48146817874604997,-2.179751964801554
-0.22217308643592598,-1.0,0.5303987245911826,1.0,-0.48558659984377656,-0.26897067237794076,1.7411825364881304
-0.9218986686333304,-1.0,-0.42024431315919664,-0.9865848947525686,-0.2479231360121198,-0.5558490511804599,-0.46335884007956496
0.3506533087880517,-1.0,-1.0,-0.6544719046996457,-1.0,-0.7930455024949554,3.9117625447880133
0.2388542703592993,0.022916328474011927,1.0,1.0,-1.0,-0.796957303344974,0.9535330347112982
-0.5110437375003416,-0.9434281014844995,-0.47379263454908,-0.6240142629236567,-0.36071748125592296,-0.09339854990624596,-1.2026780440674727
-1.0,-0.7668353115297628,-1.0,-0.7832993664270248,1.0,0.43610381147325733,-3.0132663522458127
-0.1399793857360393,-1.0,-0.5149636853381934,-1.0,0.4520490787371846,-0.6239568703705769,1.7310705010111236
-0.7887412889701876,1.0,-0.4460154215918355,-0.26146541138540225,0.155448902389406,-1.0,2.7244598347962845
-0.21910571221847042,-0.6127427082864901,-1.0,0.20580817347216127,0.3156723945502074,0.4228714826291385,-0.13405918782165505
1.0,1.0,0.08741280003763685,0.4924354079558795,1.0,0.2281355384015959,-1.7189629692246524
-1.0,-0.965722077890794,-1.0,-1.0,-1.0,-0.3050802022618846,-1.4018337485789902
-0.34647065688285805,-0.5423390415584795,0.349936606448079,0.3748093093018725,-0.7015405387135771,0.11654486710073081,-0.1700609157445121
-1.0,-1.0,1.0,-1.0,0.22749369632835348,0.7291797762430989,-5.238301074789969
0.04242745912858459,0.9258322589389478,-0.44406292603063546,0.9952974839425341,-0.7831015766046209,-1.0,5.984090688358087
-0.1003753461625636,-1.0,-0.6770539451678208,-1.0,0.9208635515553647,-0.7189263979543928,0.9759589131268884
-0.8372152151303023,0.7459905367909919,-0.3394910674407481,-1.0,-0.24778874678253848,-0.6891180503114291,-1.5001988612492092
0.25583411588784943,-0.047048409486337206,0.035920992129840956,-0.1439114299894595,0.9609624202659803,1.0,2.6187193959372155
-1.0,-1.0,-0.17544743688402314,-0.23914631541703968,1.0,-0.41913992668290695,3.6635651053768714
0.06500339104213149,1.0,1.0,0.6631429526319621,-0.06665084023384482,-1.0,-0.0770754919835645
0.7959325739866073,0.6095901148054519,0.17070567949530385,1.0,-1.0,-0.8523380577561883,6.994508039327941
-0.3442254156466503,-1.0,-0.6738424322123093,-1.0,-1.0,-1.0,5.702223952047694
-1.0,0.25509282408696915,0.7648050434786996,0.9959820247818442,-1.0,-1.0,0.5582071286531447
-1.0,-0.42249505051117353,-1.0,-1.0,0.7554133829937139,0.20329617716360376,-2.8395656475665065
-0.6129094016202432,0.32495764331260135,0.9859359942042222,0.6273032944272278,-1.0,-0.7721701533120671,-2.284287736057893
0.30634854916553445,-1.0,-1.0,0.6815863012878898,-1.0,-1.0,1.251230069783879
-0.3469455717143017,1.0,-0.5787757003427043,0.5068477019758085,0.9274221669086724,1.0,8.891399018464169
-1.0,-1.0,-1.0,-0.3407383237501437,-1.0,-0.5735839252606474,-3.2090413542028395
-0.2614464941883684,-1.0,0.6615253009822335,-0.574340940185132,-1.0,-0.580854956328029,4.646149597807331
1.0,1.0,0.39548841836157655,1.0,0.49138688881683346,0.28975229285783444,-2.9446844883288663
0.30923877085644436,0.3805431834982987,1.0,0.8954747806642622,0.18187991958742172,-1.0,1.307983808001863
-0.23963790630727558,1.0,-0.6797722313107601,-0.9444775173829363,1.0,1.0,12.66978990438158
0.20324844178909873,-0.45008560742675,-1.0,0.010416008112592245,-0.7884996630834449,0.27710872422714716,0.3475519276957292
-1.0,-0.39910486367047904,-1.0,-0.6140997364305227,0.7108749818811813,1.0,5.220349658305745
-0.2154067887330835,1.0,1.0,1.0,-0.39560990309196453,-0.24033331467283314,-2.5954628222482587
-0.41985130826930084,-0.2741009373630811,0.1366008627211111,-0.12404657041174227,-0.25261340360771434,-0.4809291451878075,-0.2931214478943317
0.1344452853142323,0.6540328246956051,-0.115192779733126,-0.6208890818052285,-0.6707447896252556,-0.3013162031950562,1.2011200824605608
-0.22784791964870665,-0.08289710131234995,-0.6123547314840007,-1.0,0.0896202158856157,1.0,3.1813734668633535
1.0,0.9117056127373457,0.7452210976253071,1.0,-0.5153789776647542,-1.0,7.7585400181210415
-0.5304054733423824,1.0,0.06408658191775858,-0.009697004982435989,0.9055765208869188,1.0,6.0679751220074385
1.0,-0.36986540190700645,-0.853081575479666,-0.7816621932815341,-0.9990392103042489,-1.0,8.524571862210129
-0.274825772478153,-0.9629916316282974,-1.0,-0.019977388308441313,-1.0,-0.5510632790588449,-2.355561516696764
1.0,0.2158709241906367,0.8706503670279371,0.32756143365161394,-0.12552410064953978,1.0,0.48317961742636195
1.0,-0.6484535170513339,0.32641659451499805,0.44743003792579905,0.44539324541449943,-0.4018365197896443,0.808688032904428
1.0,1.0,0.9736482379543923,1.0,-0.45348509611608756,-0.46218608019131036,1.9025311975277077
-1.0,-0.9644831423529721,-0.31293661567897413,-0.5502948093981799,-0.10542192742446943,0.2232891427066404,-1.9770348456668334
1.0,1.0,1.0,0.5771403924044783,-1.0,-1.0,6.122351833407345
-0.7947598848280497,-1.0,-1.0,-1.0,-0.08753712099457944,-0.4594161214624992,-3.6338513168388733
-1.0,0.09984414478101444,0.9513747628951524,-0.1978054983279339,0.546806038356231,0.7244182363082383,-1.826580241818473
0.7043505734840625,1.0,1.0,0.5748188530704479,-0.013334880001344057,-1.0,0.1778736615087958
-0.36480135055981777,0.4553865738503925,-1.0,-0.7957576826623491,1.0,1.0,10.660468367641053
-0.01963331953750891,0.2147411448386606,0.9620930268376029,0.5834487432771001,0.5452701311489934,-1.0,2.404329055635079
-1.0,-1.0,-0.6946756067417962,-0.595411772962103,0.17761618465557183,0.6243289310618794,-4.329126925377463
-0.20497601653017772,0.5834821181732441,0.5667177702445054,0.6917049954126113,1.0,1.0,2.453002249584636
1.0,0.6696625958927825,0.8521457470258348,0.19209123690946517,-0.2149473340617707,-0.8431985280718306,3.2254094692095503
0.09864204924449971,0.07175896684503458,0.33367314836138384,1.0,0.6643873776340365,-0.7255181145774127,1.1802837251882075
0.3101575209688756,0.26739123138435206,0.2117093121079886,-0.3138409961890072,0.6488994685513012,-0.20690221091362937,0.9964631658572314
1.0,0.6081862435604777,1.0,1.0,-0.6980664215043898,-0.6544493593542062,5.452549920328571
0.019249567635101245,1.0,1.0,0.17967567405983045,-1.0,-0.9790883239581687,-2.0585584434707362
0.4443050422901328,0.09923474475923821,-0.8426871872213322,0.3662888435388987,0.11929954272862608,0.35642897979622257,1.2316978001037442
0.30969803847066146,0.5746277166005072,-1.0,-0.396698152131427,0.09406723968548186,-0.3190941537995675,-1.0933415262944373
-0.8017575353007387,-1.0,-1.0,-1.0,0.08369753585069961,-0.10967581220148534,-6.235927240880747
-0.5191183253720569,0.5165589472087937,0.9932526773729438,-0.03079765482042429,0.5248558500327347,0.4849419758450466,-0.8626077254952597
-0.4270974665422945,0.819904988622319,-1.0,0.1158527298996358,0.9933032650108765,-0.2596051797393829,2.5488456092888647
0.33182168674972534,-0.40152402597977455,-0.12470933498994374,0.7309853893724498,-0.015844733928498833,-1.0,2.594765011208904
-0.07906540613112045,-1.0,-0.05088469618122271,0.4223209049278651,-0.7900582615203525,1.0,4.137239720867172
-0.4019410219132943,-1.0,0.9574315433372682,0.27393169067922996,0.09422652894705277,-0.8481548231755844,5.429799093179788
1.0,0.8334547475005343,0.37381204603415674,0.4432930242754549,-0.9580514216737054,1.0,5.246316652593858
0.9500464413263989,0.611706491789296,0.2076848380242542,1.0,0.21774673152485102,0.03867688621190868,0.29876330255282146
-0.4876655054386561,-0.5983881249729046,1.0,-0.5992209124962382,-1.0,0.3194632270574842,-2.1291757945091145
-0.16023725932287058,-0.2736734451393339,-0.13627918669146682,-1.0,1.0,1.0,4.555525336804001
1.0,0.876202788593001,1.0,1.0,-0.35448077257661403,-1.0,4.026062941873266
1.0,1.0,0.8071747078711505,0.05054380305035333,-0.7588787915570157,-0.9732862042474201,3.68014358862897
0.8907657161369142,-0.26912598879434474,0.46806164610094547,1.0,-0.08821659140427496,0.37183546348008545,0.45073098192176003
1.0,1.0,-0.012009114570499357,0.14858290601353752,0.28678254849241824,0.3966222498348221,-0.44817780468700474
0.2482770260014055,-0.20383021353747632,-0.4918153468722239,-0.18143916241835106,1.0,1.0,4.192079059324508
1.0,0.43693031837278906,0.6916732835118173,0.6803873293884639,1.0,0.46000502604916194,-4.5572245764145105
-0.2919223683587713,-1.0,-1.0,-0.4445198958960581,0.2772657359033671,1.0,1.4406419241832333
1.0,0.851364009338704,0.01254759694797486,-0.6877581423293219,-0.6996486907977317,-1.0,5.930038938864366
0.1226429834162791,-0.06662210734239205,-0.360581334745246,-1.0,-0.421435538777412,-1.0,3.173731793142784
1.0,0.6546539566739598,0.6497397274052725,0.38562221619867487,0.15297996760354016,0.8989418895151118,-0.5527943097143245
0.6154288502178824,1.0,0.1285020207912677,0.07293639251380624,0.6502764059181831,-0.4518135019095776,-0.9899731564624892
-0.39761564761750123,-0.2882511804322431,1.0,-0.18488599657915705,0.24922309545461996,-0.1565155415585997,0.01751218702392532
-1.0,-0.11015988984849878,-1.0,-0.8416501891987328,-0.22139551280054803,0.31250861190782425,-2.0087960563454983
0.02078000249739531,1.0,1.0,1.0,-0.8385937452495027,-1.0,1.5824765879236962
1.0,1.0,-0.9940898647296665,-0.2603843189998646,-0.2988028213104885,-1.0,4.384228847517617
-0.7790563735500331,-1.0,-1.0,-1.0,-1.0,-1.0,5.212087703017359
0.6637887392339261,1.0,1.0,0.39839042256933754,0.937714422428317,1.0,-4.557265719524684
0.11555214729871555,1.0,1.0,0.3917061978083658,1.0,0.012495951193215796,-2.8735010870233353
-0.5380211923729648,-0.3676347773846964,-0.7561068148330516,0.15769382199056237,-0.8416216900479637,-0.12703835218109774,-1.8968737709835481
-0.6743129579583705,1.0,-0.4165064481820963,-0.7007829605957909,-0.1386316102213372,-0.5075130669980097,-0.48558296086074504
-0.5696074769270913,-0.21605237799374333,-1.0,-1.0,0.4257510393098286,-0.144598723226822,-1.8844950463889554
-0.014761309664941047,-1.0,-1.0,-0.10570665262562062,-1.0,-0.6778902274413483,-0.8772476730439829
0.7096118886013028,1.0,0.1746563274666104,0.23690806382456486,-1.0,-1.0,4.11450925513657
-1.0,-1.0,-1.0,-0.8434980298863171,0.40817073788716296,1.0,-0.9262312872778045
1.0,1.0,0.7532609039936093,0.3891217458155367,-1.0,-1.0,6.140817120099539
-1.0,-0.25707424211583285,-0.8804524529489961,-0.4540246577287933,0.4763965516794071,-1.0,6.304915521479042
0.7988155986468419,0.33629633313295554,-0.9722798595967532,-0.41298068157238055,0.6888550585429867,0.3171267930931101,-0.6124512415222798
0.70048061336653,-0.15948492817729187,0.11474516007219471,0.31997209793069004,0.8599990444585333,0.7462728007397057,0.15624956421041358
-0.8302829363611893,-0.18336851464289966,1.0,-1.0,-1.0,-1.0,-0.2978161751559465
-0.9863620166712085,-1.0,-0.3678034235823242,-1.0,-1.0,-0.4594343404102834,3.0663649208967474
-0.8574414233695337,-0.288236607444277,-0.12266873311315074,-1.0,-0.027148830108617183,0.015103626287593874,-0.7325713092392983
0.10454112443868332,1.0,-1.0,0.9763629762260849,1.0,-0.7687042560336812,0.03195280764539565
1.0,1.0,-0.36958133398877857,0.9693960297407725,1.0,-0.5097011288731719,-0.3709949551385485
-0.2294001904175902,0.7124518602627312,1.0,1.0,0.3525350524708883,0.1583229641884082,-3.1748496137957067
-1.0,0.12180779831882171,1.0,-0.07782222302522901,-0.18456020619161073,1.0,-2.6084125288533073
-1.0,-0.13629483744511228,-0.44432214396409336,-0.8051909003147466,-1.0,-0.15151554311467508,-1.2497045103974431
0.1255119753735062,0.29327874445602764,1.0,0.5736355647045616,-1.0,-1.0,1.6429232211394642
-0.4758596507805063,-0.4763921019169776,-0.8240086782329128,-0.39734081589442893,-0.31009235289214265,-1.0,3.4296614266933227
0.7430404527513479,-0.765690655390008,-0.2252904043397012,0.47238520235807313,-0.1085432657361245,-0.5066817556173833,1.5150344920690735
0.4678713710427854,-0.5035476854616606,-1.0,0.5405166371330155,-0.24743187968759783,-1.0,2.710300463559776
-0.37896939895398474,-0.7117359310217237,0.7340020157178819,-0.39687651351195113,-1.0,-0.9470519760751845,2.9075083355302036
1.0,0.4992255725060181,0.16558041804338391,-0.02719379022372026,0.7336088069558009,0.3480639433973355,-2.0248537438092327
-1.0,0.3119483511264014,-0.5925781459972417,-0.21908123911756738,-0.739572066150525,-0.5991297549797658,-0.8877888657275123
-0.4748462426041166,0.44713789308745955,-0.9311729861930493,-0.35348551097934955,-0.5799038236399282,0.936009477451614,7.255697269357022
-1.0,-0.6231200027547747,-0.8478009754488567,-1.0,-1.0,-1.0,4.038780882676402
-0.39505525300937117,0.19504735014421046,1.0,0.9732398011711481,-0.7829281350637889,0.14124512955113044,-2.4801453140090994
1.0,1.0,1.0,1.0,1.0,0.7055640151164116,-9.154508937787027
0.2059339785014428,1.0,0.15254569991904132,-0.91400463401312,-0.4116355434280029,1.0,6.6973581304178476
-1.0,-1.0,0.35618952586050534,-1.0,0.03931552376735059,-1.0,6.594220956848779
-0.9260332355715963,-0.9625327470150618,-0.10264299496036353,0.4358807911188084,-0.589840255006735,0.26604477107163504,-1.060046900937166
-0.6422392883589902,-1.0,-0.6415922631681243,-1.0,-1.0,-0.17120211342248148,1.3562424566491573
0.5360961903514825,-0.17591961704670966,-1.0,-0.04280279645451657,-0.7158893864993179,0.3858716554718269,1.327528939755931
-0.42600664468380256,0.2817175348593131,0.0630332137384122,-0.4803822176038619,1.0,0.8713571454550804,4.654037059900473
-0.13506724884577723,0.7360806199092601,0.4138803995425374,-1.0,0.4307186205313278,0.7323995271123549,1.8613103754358453
0.4700379190413151,-0.6102375191779306,-0.19826811134541278,-1.0,0.13951919594236883,-0.8031970229537146,3.7883229531780884
0.30564870112904186,0.9465479195001227,0.24328051963649266,1.0,1.0,0.628411558913536,-0.9350766024489162
-0.7107128842885544,-1.0,-1.0,-0.5505077016189717,-1.0,-0.2258919612810577,-2.970185343292086
0.7873991594450481,0.40671376884604155,1.0,1.0,0.2545990326678604,-0.2679587149669167,-1.6577555958639718
-0.35446427427369076,-0.9522022637187615,0.05879447706937846,-0.40263623857971576,-1.0,-1.0,3.412527246419667
-0.061714273063991965,0.7956691616014557,1.0,0.5000613057436918,-1.0,0.5750831918422513,-3.0931494866606375
0.49246775856912234,0.8547426504186664,0.0535244203140785,1.0,0.8445431981030528,0.62188923138502,-0.8042795485676053
0.1239743358713164,0.5251743246965129,0.5851769546780747,1.0,-0.7200795697540445,-0.49038097754729726,2.836832548066382
-0.10927276848652157,-1.0,-0.6416005568016789,0.06618427818379735,0.8928550341459905,0.29582562503880594,-1.192837681879803
0.8886979067906994,0.09151133706571665,-0.04964201678470731,0.4294545717136124,0.17947702004221844,0.31573589589594,-0.6806532318578742
-1.0,-0.7881634441179922,-0.6159215141802139,-1.0,1.0,0.6756305898398216,0.6055112664636956
-0.3495117654409612,-0.5730441028308382,-0.49781844927568053,-0.7559280370218673,0.591383728778794,0.3271486528519631,-0.020085113559643375
0.5216036277229746,-0.33290034922367157,0.2749583840360832,0.11192585766722679,1.0,-0.7301890694920756,-0.6152082673043755
-0.5863287907621015,0.011009620849840585,1.0,-0.14527474692720577,1.0,-0.12362998292054075,0.4386438372224396
-0.6575112427283718,0.0937797689156491,-0.053243822731906476,-0.5258387453383477,1.0,-0.29809447889719815,2.366935192764836
-0.5511799428348815,-0.585541289758828,-1.0,-0.0012391219692448052,-0.35584629834704673,-0.19626212677534083,-2.50785361511843
0.032926280478664305,1.0,1.0,0.5525743208742959,0.9224375112558588,0.4506001246409422,-4.54396325065315
0.33933221188505125,1.0,-0.2746524011046299,0.2238618252069231,-0.27126334117001344,-1.0,3.221466296037497
-0.393777048428462,0.9050965334489742,-0.8449156679445441,0.6173443293092338,0.24685119680044804,-0.11843469318722483,1.387590178532626
-0.4193745062390543,-0.9542497836175353,-0.46732782637513137,-1.0,-1.0,-0.26681234258577535,2.825741454496355
-0.811264037149755,-0.9171344703293977,-0.13184193746312856,-1.0,-0.42920801313305657,-1.0,4.464615522755671
0.6155915992854165,-0.15880485621728413,1.0,0.18091215147245876,-0.05257035177626512,1.0,-2.2511630994888248
0.5675911076908329,1.0,0.8831777320571377,0.9268666362978484,-0.7964824151789297,-1.0,4.89957118675716
0.5186450660541322,1.0,0.9468552544359057,1.0,-0.48041194716824626,-0.5253933841622482,1.991644971771056
0.7902873577268356,-0.18651517402332818,-0.3375618541568577,-0.6338270301352091,-0.8794558265301251,-0.6757698450989604,3.581572919727836
1.0,0.7570260941881448,-0.9233638509807435,1.0,-0.8432327930373589,-0.5679194245168948,6.625591897525339
0.29309860134583643,0.4572166453133801,0.3286912092519336,1.0,-0.9184136502341619,-0.23325681975204193,1.487070595814172
-0.5026278910159322,-0.3233646237183838,-0.010197746869493374,-1.0,-0.152271900192547,-1.0,4.39240829854561
-0.5875044515269516,-0.33722328509566507,0.6729164561738962,1.0,0.14757100449136204,-0.4607395828650066,0.10981029254597399
0.6408074442062597,0.34958331681022203,1.0,0.9133080089920399,-1.0,-1.0,5.189648199759751
1.0,0.8965827616567139,0.8090729890241577,0.844883951230778,1.0,1.0,-5.579203271000478
-1.0,-1.0,0.5097603724899519,-0.8150622844983215,-0.06494522072620457,0.143230851402122,-0.17972300320305395
0.09061808617684786,-1.0,-0.015475272309894539,-0.09877244513602745,-0.5324288111432494,-0.8299578517850178,3.6678044305624895
0.7443289290251318,0.1803898106768349,0.9550475197381347,1.0,1.0,1.0,-4.267890083792813
0.33503120761147054,-0.11438088121961595,0.4179021487184671,0.34765494384980766,-0.19079659085991552,0.6608087185394629,1.6737985590943456
-0.13242819480736212,-1.0,-1.0,-0.7796553830506188,0.7417703515854079,1.0,0.9511947655670255
-1.0,-0.4744718594578907,-1.0,-1.0,0.7466803561518495,-0.046765898013822554,-3.1482042845024756
-0.8318706399166877,-1.0,-0.4462747000476226,-1.0,-0.17298119317268168,0.6962863052867909,-4.196002518543533
-0.2574462791111224,-0.665259504492226,0.4918623634612826,-0.30462488042962754,-1.0,-1.0,2.9946748580209004
0.10094546323499651,-0.6837587285399455,0.4347318920412921,0.9392548687905552,-1.0,-1.0,5.02864789422418
0.6872633911184274,1.0,0.6216933310689257,-1.0,0.16255433605893604,0.122810154466794,-1.6676979532773968
1.0,0.7523142760807697,1.0,1.0,-0.30266608735430656,0.6310492339101496,-1.1791910867221067
0.23125493255774676,-0.6908315002379062,1.0,0.2299397798689951,-1.0,-1.0,2.965321311620142
0.3529872826458117,1.0,-0.33276199284649144,-0.0270360192436494,-0.39845092926723047,0.3770322636854343,1.5239226744259913
-0.6625313939234935,0.13345374215984684,-0.7056728804597125,0.7009456445186424,-0.23640409905982374,-1.0,3.0381713912965123
-0.5946184680563931,-0.03725867367952218,-1.0,-0.18795412152154167,-1.0,-0.3046172314054927,-2.281876248271868
-0.43313867232781567,0.9763837422013307,0.7177911873434193,1.0,-1.0,0.32387872286328856,-1.7013562274186644
-1.0,-0.5906581319894135,-0.8815488100687634,-1.0,0.02777632997208257,-1.0,4.382136542721075
-1.0,-0.014131551354661598,-1.0,-0.37324854032750254,-0.3509677650017283,-1.0,4.981868051398479
0.12021221973515206,-0.057925663632617586,-0.055999224823451044,1.0,0.8161367383175058,0.6596982394557134,1.7926749135814883
0.5875013032491758,0.9453467070515316,1.0,0.7132852521733051,-1.0,-0.3461182585968225,2.2217349409064444
0.6766279539620366,0.5450753998539128,0.11397365660205266,-1.0,1.0,0.9443655301110705,3.8914008015084653
-0.6549898699151904,-0.7262640147482347,-0.5049109403511698,-0.8910516549164045,-0.06853004111798078,-0.2681748370541849,-1.1409958525528974
-1.0,0.07411894968870902,-0.26590256222414266,-1.0,-1.0,0.05838733362362361,-0.6544708581500744
-0.6614210352432939,-1.0,0.15863690493241278,0.9956446865258359,-0.32127099512735113,-1.0,1.1496860478342787
0.27920000895301955,-0.05152712342840515,-1.0,0.08553805566181732,-0.6487899178898362,-0.23801942853816735,0.27195112432150836
-1.0,0.0025054552698786647,-0.0038117800002732682,-0.4738345756151545,-1.0,0.041629270323596534,-2.477847582380353
-0.4825016337091952,0.38740650944701954,-1.0,-0.0345247222251126,-0.4611459157656279,-1.0,3.3796028901500983
-0.9226098713440958,0.1632056562961961,0.10911816538869593,0.5384494700674199,-0.8102882337092416,-1.0,-0.16214879611727445
-0.01110839502593608,-1.0,-0.9020085724897289,-0.8733731275866152,-0.9273865645395112,-0.3549824181796468,1.9703577723602
-1.0,-0.04650444847176887,-0.012812449038889562,-0.10034239595988503,0.9602452789352329,0.45776781265340105,3.011597010092217
-0.1788356122600776,-1.0,-0.14705365340743248,-0.709794842906643,0.3089653810529637,-0.23871199065566207,-0.2525506273587179
-0.3829295645258832,-1.0,-1.0,-1.0,0.9398701839308068,-0.7795634898861336,-0.6471614102780687
1.0,-0.01171426099154349,-0.35423998469965823,1.0,-0.9169009684311132,-0.8506083357108597,5.095384963982404
-0.6972055563703017,-1.0,-0.9217426501020868,0.9854553997817566,0.04536765059258374,-0.12836920375238758,-5.098941465854386
-0.4768412035965415,-0.9653871051985433,-0.7601308931479467,-0.6450611177518402,0.742821281681525,0.4972692027110748,-2.009784697690398
0.5581916637422082,-0.05272466778683818,1.0,0.06796727532744451,-0.9034810361827699,-1.0,4.702076928083246
1.0,0.2173758372045551,1.0,0.8459805996688936,0.0908083827976337,-1.0,2.7347870422042413
0.19886554021070335,1.0,0.6167010241179993,0.12743240648729803,1.0,-0.9364599545231499,-1.080217753750635
-0.5726257166442946,0.07871425785023872,0.6024343764828342,-0.9616952180416611,-0.6848886599084628,0.9523111658470669,-0.0889747079771884
0.7541934082645915,0.9442222094221701,0.8303939415855718,-0.014270508480927035,-0.8062585768205086,-0.8044081447717835,1.9070319990183038
0.7229736027875253,0.7287725944896672,1.0,0.8167571114624609,-0.8234973124799225,-1.0,5.230071352796065
0.030144471552278618,-0.6565388396831151,-0.5159136925845274,-1.0,-0.7112462069278158,0.08289164067538335,0.9493940169539852
-0.45139201474073376,-1.0,-0.6756738176463277,-0.7543082833409064,-1.0,-0.835724934027948,3.025442054522042
-0.3809103568502147,-0.33522154972715085,-0.15702778047296895,-0.04586511386813974,-0.20494115288202364,0.6572755861183897,0.5149292145871454
0.861217207211199,0.551192592930031,-0.43980957406608984,0.48427656893448956,1.0,0.23149759368971254,-1.7965835545186655
-1.0,-0.8990246875924461,0.22994843192201375,1.0,0.6228344994690277,-1.0,2.907438967057651
0.3375898638665408,0.8455182047228462,-0.10261726619369538,1.0,-1.0,-1.0,7.311919134906016
-0.5487631206734673,-1.0,0.47747754670470927,-0.41123844662926234,-0.5597528722725975,0.3218780831369157,0.1595301117434796
-0.24978447085099265,0.0013771813811038203,-0.5721917593711017,-1.0,-0.825942786134436,0.27592455278546324,0.5590833257918959
-0.4967764623887856,-0.10176098637694131,-0.13035423077498032,-0.1939855077187882,-1.0,-1.0,0.10026261473535625
0.09363175184515404,-0.25013827844825015,0.39468905251028574,-0.34406529677054093,0.9175774514257834,-0.2902234841325032,-0.5784041491221594
1.0,0.2086421745220306,0.03991072474191218,1.0,-0.3110958873427897,1.0,3.29990729275694
-1.0,1.0,0.5465704669894313,0.9355839224813125,1.0,1.0,0.5226554601263944
-1.0,-1.0,0.06708242527029096,-0.4179625062856229,-1.0,0.918147641604025,-1.5653638708756594
0.275882326149977,0.12613426897639946,1.0,-0.30675505965689653,-1.0,1.0,0.7866453127513235
1.0,0.7743783387640923,0.38259737015105544,1.0,-0.03820849417531599,-0.06252179529860576,-0.12515683039426284
0.1284529555908615,-0.2657037345665799,0.5297856019509952,-0.24673997336734374,-1.0,-0.7398073558501244,3.0348670855560034
-0.04291323482688714,-1.0,-0.8194544607723633,-0.28995521522779355,-1.0,-1.0,1.4280337272942076
0.047005505899860855,0.8666596658558584,1.0,0.3139299358911203,0.5320571884697998,-0.03577759180677412,-1.724350599043756
-0.7154335648492105,-0.5444260248721514,-0.6146233493910831,-1.0,-1.0,-0.5895125023583754,1.669689462548114
0.6155354535039564,-0.09165359274214208,1.0,0.9770562505726117,-0.04324823337990924,0.8556494917485644,-2.5463490936991393
0.6893972112258526,1.0,0.9182854825804558,1.0,-0.07316119980328417,-0.8136880224044538,1.0503891209193883
0.003935661591063608,0.08384651594667125,0.5947473462779793,-0.20542940213719507,-0.30377632899956186,-0.7280801566531048,1.9839985923882983
1.0,-0.7433042743565457,0.33117260897833245,0.38985404910048577,0.49201086949900397,1.0,0.6847096310088114
0.4042284501486475,1.0,0.7477411757513437,1.0,0.30244121126471046,-0.08933741019864372,-2.483751104523661
-0.6390091757185313,-0.5777086759177195,-0.9339391340348373,-0.4979227879719055,0.1601592064429369,-0.6810488886974647,0.26248835184940633
0.04337429050418651,-0.30393193924214623,0.7987908784498319,1.0,-0.10832749188331703,-0.05330388876927805,-1.050111915966188
-0.021777773289114455,-0.30612857704665175,-1.0,-0.7277189963446453,0.483158017333654,-0.2180658408687941,-0.8577878822991027
-0.3507764635654844,-0.5659088362102025,-1.0,-1.0,-1.0,-1.0,4.301548824159622
-0.4593831996769503,1.0,0.5327733274096415,1.0,0.4200626050097312,-0.9804947375687839,-0.06807191390400924
0.3647208329934847,0.010544556201662392,0.1514681192664829,0.30342750456005585,-0.06654771520964098,-0.036676181491446025,-0.06785068937886368
0.1138138990152126,-0.1385398711557041,0.6798340460480141,-0.4593378549018805,-0.4043576716462345,-0.9250297867396622,3.230001864080962
-1.0,-1.0,0.07260183147229893,-0.45912771687606935,-0.6622978559514698,-1.0,3.9244490551660047
-0.47416883831539747,-0.07483126069534507,-0.1790332657559836,0.12346463242962225,-0.5179395219937624,0.05250191439805499,-0.31402703082636546
0.5982391437729302,-0.6065066745066517,0.15822301935458577,-0.5947894058375627,-1.0,-1.0,7.194923260582647
-0.7332673876246754,-1.0,-1.0,-0.27656407616620177,0.8976832811360338,0.8105748690795644,0.7031290529202437
-0.49565869621947,-0.1544910677806875,-0.4507355899635812,-1.0,1.0,0.5342256889668792,4.08538496800609
0.38627771390878946,1.0,0.7895581054820362,0.8794189178913905,-0.6385904761755108,0.9583921592787845,-0.6048118251470992
-0.9511076185200664,-1.0,-1.0,-0.7141280998191839,0.16816078255789896,-0.7551989889528288,-0.40388507608814267
0.24876733647223975,0.4191837708028684,-0.2360541216455493,1.0,0.6305659583680311,-0.3713156656732044,0.039424895938079574
0.5153383211715203,0.776498737037056,1.0,1.0,0.3834830264996696,0.5461468290762326,-4.569077568331026
0.3069174454937924,0.16983938763779402,1.0,0.6236169627630974,-1.0,-1.0,1.8132342433309296
-0.3324819858484691,-0.04025837074215842,1.0,1.0,-0.9392180927051594,0.35992790153119847,-3.5504830906116
0.398041981171064,-0.9154535484711507,0.7087036277356148,-0.5102896326499883,-0.19530886178554369,0.7953243940796252,0.389528068501759
-1.0,-1.0,-1.0,-1.0,0.2638419350498107,-0.44571964884508775,-5.201558331611909
0.4298982517748161,-0.4855673881846213,0.014626910371261403,-0.7866280611373395,-1.0,-0.4175694275819448,3.8588602730459103
-0.7979019783397102,0.20558238617180058,-0.07361643143934446,-0.14667117085064835,0.7280175496704737,1.0,5.18370849675614
-0.4409411345134001,0.7791075470929862,-0.3182999899658719,-0.7740401896629578,0.020543100659530078,-1.0,-0.093893392181161
-0.6503366527272748,-0.15568154277709395,-0.25063496630914184,-1.0,0.09631094068502244,0.7610415258844647,0.7192235146619226
-1.0,-0.8281277558454039,-0.05406980676201145,-0.8067771980740397,1.0,0.6607183204246603,2.0040835243086885
0.06176211697929074,-0.2564522607440904,-0.36908338727360057,0.8464395929777121,1.0,0.0006196930692417002,-0.06867434393088215
-1.0,-1.0,-0.13878178380459594,-0.3790135768259988,1.0,0.9627046131961472,3.8670606248552857
-1.0,-1.0,-0.6506335130887595,-1.0,-1.0,-1.0,4.702917415747933
0.5433349126208696,-0.6343246471311919,1.0,-0.19500784757207837,-0.2687569771422078,-0.8539045164660577,3.214057412286249
-0.8068546105529062,0.4341852346066575,0.07288470069552522,-0.4540116642128629,-1.0,-1.0,-2.613602093369271
1.0,-0.22210862352808436,0.7991927066225587,0.8385721532330502,-0.9395377315945874,-1.0,9.77260628459753
0.4553967548769253,-0.9237551682104137,-0.9799107895497458,-1.0,-0.610809219626102,-0.7628672785317818,4.516782197650977
1.0,1.0,1.0,1.0,0.35560327069886466,-0.9009867057076276,-0.8979958253764933
0.9253158596695088,0.028973794647442652,0.7192127940009148,0.6090042437945726,-1.0,-0.411863862641767,4.36870398599848
1.0,1.0,0.3843519673849244,1.0,-1.0,-0.4526013043040866,6.724645832942446
0.23444744516415073,-0.5235181007782723,-0.6041758116790468,-0.07727337539734369,0.7840832340752955,1.0,3.628742521054165
-0.9097397463973217,-0.09212459839179965,-0.7279111418579055,-1.0,-0.346765660432964,-0.6752085221669983,-0.21194053031270121
1.0,0.16252676651770992,1.0,0.9997292640453814,-0.8643898009222855,-0.08792321195810282,2.421852024592072
-0.01847499660072005,-0.5169576479417193,-1.0,-1.0,0.3152035966027231,1.0,3.1694055442530042
-0.057610054357841944,0.8609791235613845,0.5528463299867572,0.7851778433683286,0.7072441806866933,-0.2905359071054787,-0.5838621244801324
0.7288368640557721,0.9236090938897046,-0.9454034537911533,-0.21778926985857983,0.7762347914973678,0.027110513588566115,-0.78773807238431
0.0706070703308731,-0.35550933585710864,-0.788030222538467,-0.6414968675373627,-0.15267599233632145,-0.007565063516496273,-0.01562950488350745
0.854909223312075,0.9765269373172843,0.5985152372839361,1.0,0.02087209232642051,1.0,-1.261335343787743
1.0,1.0,1.0,0.6630118323905945,-1.0,0.544888069007134,1.260286907759119
-0.047749694104787466,-0.25779173841046005,0.016651447167146283,0.8281822268747769,-0.9188440541210928,-0.6240589373632794,1.3363271446661595
0.36196207061387764,1.0,0.4259459814227925,0.6945727363192447,1.0,1.0,1.4675529947689068
-0.2065789702684428,1.0,-0.24459012077525866,1.0,-0.2028870407252512,0.010100588964280122,0.22611303443931202
1.0,0.6188287934288472,-0.5927249196093415,-0.771683220270742,0.8581438465628636,-0.4444527194630701,-2.2833356530325077
-0.5470901651674339,0.4662508930108784,-0.6244563683169144,-0.2174513756524038,-1.0,-0.8878473928771637,-1.6528913534038645
0.963833481493162,1.0,1.0,1.0,0.07383732511121704,-1.0,1.0746443242482848
0.5221785763077862,1.0,1.0,1.0,1.0,0.703688332286699,-8.738384847108488
-0.36371314455535747,-1.0,0.18704361673210954,1.0,-0.005451747747161839,0.6891629267079699,1.8411360488094304
1.0,0.46636215432722083,1.0,0.7076954669610261,-0.8385578051167688,-0.012759434152155524,4.174073479914898
-0.7164202867261452,0.06462705036828365,1.0,-0.9283301253763094,0.41344491580237097,-0.48866834055744457,-0.1183907281838204
-1.0,-0.3353055313983181,0.32049056754709104,-1.0,-0.8538489774555169,-0.7480861802742986,1.4051877272655755
0.9045442938862525,-1.0,-0.3626397360958722,0.40297076969279627,-1.0,-0.2090429983166297,4.289372289183329
-1.0,-0.2568142908608375,-0.6890132532680828,-1.0,-0.34436244869996735,-0.3665865968594102,-0.21355757130421227
-0.19239939678246532,-1.0,-0.7184720864432503,-0.11160346081170402,-0.5181040770442604,-0.5818186589309563,-1.3783898432531267
0.9041027484106253,1.0,0.5711348978385311,0.8751638725874537,1.0,-1.0,-1.5951841343243611
-0.6642717509731331,0.3810654934694322,-0.3619165094094785,0.737908273179428,-0.5053650878498059,-1.0,2.420020846043176
-0.18589085771696154,0.31455317598325394,0.4758849890362187,-1.0,-1.0,0.26741876119446323,0.8960276151983164
1.0,0.6312399676678753,0.32059071965372965,1.0,-0.11964362394060178,0.6109339595508155,0.44622857074388395
-1.0,-1.0,-1.0,-1.0,-1.0,-1.0,4.329808825108453
0.5126087797571525,0.027073925529388365,-0.25415412291570594,-0.5356580613489251,0.7876079971690229,-0.4046970922192836,-0.5877608684269229
0.7668584130252746,0.30852482516283436,0.6670317239139332,0.6835645597267647,-1.0,0.48266281277780543,2.2505236253699836
-0.37900423132584304,-1.0,-0.015982434430181325,-1.0,-0.0036193330518505817,-0.2485892147904915,0.6662922543779559
-1.0,-0.6610446613059295,-1.0,-0.41941824293076935,-0.09033678423273023,0.13962775130289196,-2.151367124513793
0.33156430387084235,-1.0,0.20304215356780264,-0.028698567233979712,0.26347002330562896,-0.5763607351194284,2.6241381267148314
-0.5492120975496078,-1.0,-0.8031196721916141,-0.8933019978241773,-1.0,-0.18521619961830194,-0.26960447015907685
0.923777759686842,-0.593082589338752,-0.35130448517264534,-0.6768698489579393,0.7305859241685027,0.23500751023922312,-2.9365823915815903
1.0,0.05390214484095496,-1.0,-0.06755997802860159,-0.4792325378880077,0.4347190380245165,4.186832978797297
0.10895399743003464,1.0,-0.3821560719181063,0.5989204174902372,-0.2084755016653928,0.517469633993905,2.7584981923143266
-0.5740221134989891,-1.0,-0.8242803639997984,-0.11452084346887936,-0.4762743033536432,-1.0,0.8925413936610229
0.35618504989003086,-0.5566015591087772,-0.19472541715489852,0.9485988554525547,-0.01194148966267053,-0.00771854402852723,1.2428897345350443
-0.6459936707875478,-0.4258703170177364,-0.44426724930338757,1.0,-1.0,-0.20668188446158853,-2.206444889018383
-0.8836012568423391,-0.024954965915044203,0.7721521843870865,0.7306104087612904,0.533447196934455,-0.08663239900457358,0.8448504728943809
0.6143730555994447,0.9418744121220755,1.0,-0.10383379551807603,0.6565870220923201,1.0,-3.187070762763203
0.5302779240576327,1.0,0.17398180294909515,0.5707908092318335,0.5873976858026622,0.10754252214164006,-1.579444279378361
-1.0,-0.7629805351869685,-1.0,-0.38542580726875,1.0,1.0,5.308749701838186
0.329795359531839,0.4266750822512657,0.15548000739024181,1.0,-0.46983085491327153,0.026548619134418028,0.5917804809215828
1.0,-0.02948439837966111,1.0,0.3707056397413466,-0.6523585140694595,-0.20946746444217923,3.618547772105635
-0.844474314414437,-0.04132295141058184,-0.6247333664450987,-0.23905354198991713,-1.0,-1.0,0.13938233486890061
-0.6781686425929234,-0.4801381466800728,-1.0,-1.0,0.6597597874720553,0.237580684670327,-0.7328609357072053
-1.0,-1.0,0.4231627319044352,0.022599424863640083,-1.0,-0.42037042303930505,0.5440711360808621
-0.04562216752652315,-1.0,-1.0,-1.0,1.0,0.7736690744963727,-3.332523147296869
-0.7886305006758532,0.2774959939066366,0.3064234335213839,1.0,1.0,0.34797252138941703,2.4434881738852865
0.3824860313704871,0.593217199303649,-0.9923130356070669,0.021889473580155805,-0.3890749670011233,-0.9862884435454489,3.2028188542277953
-0.2919682298655386,0.9653362933023347,-0.19478110435636992,0.7913671418804551,-1.0,-0.9999398927804111,3.434307553246689
-1.0,-1.0,-0.18872987119526827,-0.3132174925413994,0.6285186355027235,0.2990470591675536,0.2721368460692149
0.9749426952324818,1.0,-0.05978124319886757,1.0,0.9023174102225056,-0.7157349694137949,0.16649729259253465
-0.1528069396945897,0.5459598687802533,0.4823643572567136,-0.5909979385062986,-1.0,-0.3467614721501903,1.135864685217399
0.4437756674217599,1.0,0.40060700258977233,1.0,1.0,1.0,0.8499295482536854
0.20153926164630798,-1.0,-1.0,-0.5211145917534823,0.8830573843631055,0.19290361367683917,-3.8021089694619556
0.8260852428042778,-0.2214939862541715,0.3804336679578172,0.40242750734783156,-0.05550925279975205,0.20233087889059082,0.1362245834033595
0.5013707860231338,-1.0,-1.0,-1.0,1.0,-0.14570693714704963,-4.979577102052667
-0.16535323382593936,-0.23131661976343265,-0.4777443006071193,1.0,-0.2658322027847415,-0.1563863349321819,-0.2521125500286891
1.0,0.2303848182373803,-0.43072228473328805,0.9679412222313016,0.3880453083273825,0.3691552829112078,-0.7225859368267289
-0.23203981786690497,-0.6370652023476053,-1.0,-0.9071189492235554,0.5221845675083181,-0.5023609803366494,-1.9643460087911864
0.20582660083084392,0.8932553337086241,-0.16456633245632055,0.1652424763482866,-1.0,0.00018202313077186894,1.0556971507250652
-1.0,0.8355423338750457,-0.7382075345724574,0.8901436542635363,-0.0032271334162209675,-1.0,4.873946018119092
0.3423296980811445,-1.0,-0.09411282264882102,0.8994036660740139,1.0,0.9090971712436415,2.4081368749110625
-1.0,-0.755459406398712,0.8871359610211443,-0.5257717515375437,-1.0,-0.03164042384341407,-1.6706311769691249
0.8703997261664018,0.9078053002946769,0.27543593009296874,-0.16693042582077022,-1.0,-1.0,4.784958100382852
-0.7760867327103781,-1.0,0.23459187028612322,-1.0,0.17283972684803656,0.027441515784263237,-0.5865281104334317
-0.5255767690364489,-1.0,0.8820748686498145,-0.8334116302947663,1.0,0.5630747966989214,-0.5747020272426411
-1.0,-0.26263707703923267,-0.13866947039501892,-1.0,-0.23553269052548353,-1.0,3.043126914854307
-1.0,-0.798724820569515,0.24514781303907807,-1.0,-0.6010608930870637,0.6205452371629994,-1.944947000086398
-0.38450706684672087,-0.3044370614547517,-1.0,0.01798062981987547,-0.7962900525827596,-0.9432613499006537,1.112455989524884
1.0,0.7953364868779058,1.0,1.0,-0.7656667631650131,0.9081311669290155,0.5841694046159973
1.0,0.029049095993648022,1.0,-0.09695627251763769,-0.6843581118197921,-1.0,6.495029758083928
0.002252678216661669,-0.6923911395973061,-0.5481082244754563,-0.11807242208388558,-1.0,-1.0,2.513402086721725
0.7833366217896893,-0.8157069211816412,-0.48476459380045467,-0.844044627724136,-0.5723733534082632,-1.0,7.136908889692812
0.5856587747243078,0.4943025283434735,-0.6733099005623152,0.47168418182305094,-0.9575235566481429,-1.0,3.163851411381276
-0.14024046505709642,0.19618483231661732,0.6001632777595661,0.17531410242293777,0.000612360623495789,0.8557314305899906,0.613322046446626
-1.0,0.31615051605999617,-0.9084768192669664,-0.6411089255965907,-0.6522405856214815,-1.0,2.086170971991877
1.0,1.0,0.9261448395539225,0.700917011102633,0.730383902655153,0.1727191617325886,-6.098353246725238
-0.808439801112973,0.49867758059587897,0.9837108446490564,1.0,-0.0626219341855494,-0.09597940683278593,-2.357854260956609
0.6128767792516481,1.0,-1.0,-0.05063090862007835,-0.019743205677387854,-0.607733013749268,1.0252059827138038
-0.11797382689553715,0.14747217891236497,0.813224737431674,0.662892841757138,-0.35647657825480605,-1.0,2.7673026221023402
0.9837341053410549,0.615399167867057,-0.24320444355383863,-0.05629147429612025,-0.9623802513418618,-0.289984152500915,3.6295619409514854
0.061435092551501536,0.3866902543483822,0.041568214691056204,0.18445273665782333,1.0,0.008073465746213121,0.562534785549057
-1.0,-0.5647341436719222,-1.0,-0.36116538318110036,0.007456116459318984,-0.07051027642894965,-1.798665040590994
0.7841736017618693,0.12405508919363462,0.0076473074126435225,0.4299805582075974,-1.0,-1.0,6.002747687188968
-1.0,0.08154918006030204,-0.4687059504314045,0.20246272549961236,1.0,1.0,5.880378156598615
0.8696417871398197,-0.523721457812941,0.6934644858673278,0.011677001139031584,0.35587059241494634,1.0,-0.8800122908085553
0.49100126138831246,-0.8117480004593339,-0.6832547517235223,-1.0,-1.0,0.6751663833622235,6.612601095941129
-1.0,-0.30670102599112936,-0.8834890383901557,0.39596804267475927,-1.0,-0.8254732115555595,-0.31087989043895103
0.2911287211037411,0.44556553727271264,-0.26590254893772014,1.0,-0.490178459298501,-0.1340254011971851,0.6118670971728588
-1.0,-0.3550269337625156,-1.0,-0.9158637978731365,1.0,0.608216698859311,0.3612419814464709
-0.9460045892204165,-1.0,-0.061563664118393535,-1.0,0.18768038147762,-1.0,5.539165799667514
-0.07147680832485687,-0.325118373596892,0.5063944570570036,-0.1610961455579662,0.073095160899315,-1.0,3.6588604755535306
-0.22583684676739924,-0.4463409711701016,-0.43964441252678704,0.37096513963312533,0.8968691681292842,1.0,4.609699404877045
0.828435416673317,0.2286086024518723,1.0,0.28162475913331053,-0.9263290110119549,-1.0,5.583692375771096
1.0,0.6221592606202044,1.0,0.6817814114666298,0.6166639852385709,0.07909649514993,-3.365798789146495
-1.0,-1.0,-0.02450204463144756,-0.4492054523599571,-1.0,-0.1782622876904294,0.1460722533650338
-0.7784090808160982,-1.0,-0.14116295386433586,-1.0,0.3808463554552432,0.15327803065385398,-1.719339813185584
0.5476494106193064,0.1040978598988318,1.0,1.0,-0.8848203912566415,0.2107316717242469,1.0896639555791052
1.0,0.4238787480999615,0.18137042881126497,0.15654660201383025,0.6688801022337965,-0.39981386082593195,-1.084998394851118
-0.48446644765899816,-1.0,-0.40503499827853456,0.20374568598940135,-0.17421113734529836,-1.0,1.99899724393741
-0.6283660311641943,-0.665539673817774,-0.6445946706884941,-1.0,-0.6420287162854238,0.1072539250493296,-1.3115102183430272
0.4352278487660053,0.9951772006685433,0.6359503198867775,0.021996385510346883,-0.3025112941191522,0.7804660866136166,-0.21031307400971322
-1.0,-1.0,0.3947998206688855,-0.5409294736186614,0.23968868165412532,0.9227184345260955,-1.2128125596053863
-0.15580214270957138,-0.09456137950049592,-0.05549314443125902,-1.0,1.0,1.0,6.070406733968542
1.0,1.0,0.05900616692319349,0.061730071929579744,-0.6424079425853375,0.15752749618461248,1.8260400681811333
0.6557714549696166,-0.13009549110112878,1.0,-0.6642689559475168,-0.7201745950721641,0.6637460838304072,0.3931893609234828
-1.0,-0.8312699379267126,-0.5378278728473223,-0.07486762194501417,0.6439503416927533,0.5044277467394416,0.2674563626878446
-0.45735969040118907,-0.2311204536934226,0.43811149580992526,0.5901871261863867,0.10086450475688824,-1.0,2.721531575068634
-0.6639142202140791,-1.0,-0.2932691113339423,-0.38997875685296024,-0.5849736313756551,0.006143081648136539,-1.1006120617695783
1.0,1.0,0.4763209130445401,0.12145662854074601,-0.09172781410281772,0.060390761022970585,-0.8532563676814968
1.0,-0.3391987669127017,0.7344569935015427,0.7260024220702772,0.9393175269917344,0.9049473158627632,-3.165866340750187
-1.0,0.25411806227281625,0.35134858615946596,0.001841926560472773,-0.8659966306309498,-0.08569522372435201,-3.0426071155026237
-0.9631628349654022,-1.0,-0.9176814440054882,-0.23863152938435284,0.914925815676947,-0.7020557103427374,-0.23954897730098676
0.5503401431625834,-0.8718197534198358,-1.0,0.37014156923031344,-0.2948173421910774,0.6016871009510659,1.151747872570996
0.5876452229263375,0.5253212576829962,1.0,-0.19658192804322272,-1.0,-0.42777811376322716,1.1186040573576566
-0.7753553013484887,-1.0,-0.15412952979539207,-1.0,0.2662552567152552,1.0,-2.2409036043938295
-1.0,-1.0,-0.5372847338047061,-1.0,1.0,1.0,0.3599830070211873
-0.6638040184458326,-0.6245946094041378,-0.3503653148759728,-0.19954443180712733,-0.6270495665026159,-0.53560716433188,0.17807970550818247
-1.0,-0.27328399288648964,0.8782876882947699,-1.0,-1.0,0.5859018372954439,-3.2550912463721753
-0.9867923485505667,-0.17229375202762032,-0.8326633973826438,-0.8883605686256798,-0.5545499314320002,-0.6041923374061384,0.4163796306890557
-1.0,-0.28136272583595856,-1.0,-0.6141655549277731,1.0,1.0,7.035776958770499
1.0,0.7366574294239918,1.0,0.2098412645854788,0.1674136751774294,0.109980933544165,-2.6444052329585674
1.0,1.0,1.0,1.0,0.08232054026246566,-0.9527931339614132,1.3227574158636197
-1.0,0.38211465183406573,-0.6660088158727137,-1.0,0.9349360176097157,-1.0,5.835961479505036
-1.0,-1.0,-0.6043221099631416,-1.0,0.35188699902490894,1.0,-2.257723462049304
0.017847522412207772,0.13391791432341948,0.3473929429685017,1.0,1.0,1.0,4.152075400631487
0.4239631776260395,1.0,0.25302092865261994,1.0,0.9552136826347887,0.08319039785139548,-2.3816052917362978
0.7544917234540655,1.0,0.1261594011140505,-1.0,0.5526793880291498,0.48233157168285573,1.828508092623911
-0.7909684530691925,-0.08087480900464739,-0.5741589958109719,-1.0,-0.9184887648514157,-0.3917868706319909,-0.11950399504750708
-1.0,-1.0,-0.5048342094872486,-0.37360625548476023,-1.0,-0.5150596804894603,-1.3908432577879402
0.7667563176211483,-0.06295244122437205,0.9395180127983298,1.0,-0.19816896658893657,-1.0,3.7909824722036056
0.14083138932136335,-0.4190070395284179,-1.0,0.16304050328236855,0.042270725988386104,-0.0017431743259951893,-0.38306065586381866
-1.0,-0.43634728211034157,-0.9821285692615382,-0.002293330506009994,-0.8292845176443824,-0.4850633705563985,-0.7194603642612898
-1.0,-1.0,-1.0,-0.5416918925198713,0.6825500265193214,-0.870061109610815,0.6852542506677415
-0.2808304202763202,-0.3250256193296607,0.5890016895520527,-0.6522809154358995,-0.6540499971223936,-0.31874743687241947,0.2965817745983934
0.2106367180987484,0.13141283999078668,-0.6197924994948705,-0.13801855626295456,0.9340378615748843,1.0,3.7090675215229343
0.12871271155270692,-0.3016777676159941,1.0,0.9238590115374896,0.3770223952060554,0.34402806761391314,-2.920789861733245
-1.0,-0.7043853515358005,0.34310148502297544,-1.0,-0.9481027596332127,0.6386054642656822,-1.8777997920527705
-0.3668354077159379,-0.2714761100362726,-0.6371577437207374,-0.12520792765423083,-1.0,-1.0,0.1427413676420938
-0.07579477845387772,-0.9299866758374621,-1.0,0.7053270659066527,0.877649484999692,0.14888188791648768,-2.860084845246603
0.6653604262149523,1.0,1.0,1.0,0.2263459021006084,0.071634649622212,-4.359272370143518
-1.0,-0.3557522699339749,-0.9971148303709438,0.1483120540195294,-1.0,-0.05984804676530153,-4.4741964644717624
0.45893307257494287,0.28056624098131067,1.0,-1.0,0.36413682607826425,0.5622108957512273,-1.8180871813449866
0.12993317563667262,-1.0,-1.0,-1.0,-0.7058662187384868,-0.14162748972627148,0.3743776893565718
0.1360065693391861,1.0,0.5628331755751745,-0.5261810583479526,-1.0,1.0,5.12888844911779
0.010322558374473045,-0.30734315333015616,0.9863691548609516,1.0,-0.417705934277561,-0.4448266971972782,-0.28123510427606596
-0.6791972766072285,-0.0011234691406533243,-0.774582625802344,0.8925051142252891,1.0,-0.7005905251692573,1.4878804986539966
0.890923056774184,-0.5961225692396459,0.855361294334755,1.0,0.3735129956989576,-0.862020883763629,1.2169982654779905
-0.1557198809666822,-0.4280085287895283,1.0,-0.0817019818475436,-0.9560215574373248,-1.0,1.7014505740482262
-0.7107107542558753,-0.9424237869095271,-0.03825998882907389,-0.41038021369810446,-1.0,-1.0,3.52594598314358
-0.45539089288282025,0.6651614749502173,1.0,0.32710058069005943,-0.3838464497259799,-0.1255590510842473,-0.8324372999893133
-0.14155444090781666,-0.21153213278666871,-1.0,-1.0,0.34071322223487654,-1.0,3.6029771486175894
0.3891210330066064,1.0,1.0,1.0,1.0,1.0,-7.95681508166678
-0.3343720773864649,-1.0,-0.6720924544098895,-0.8805047408522187,-0.36902809432417905,-0.8441196833536733,2.409973304836006
-0.07316189505513082,-0.1159962524928031,0.5370711116080068,-0.47933419925876575,0.021054128300996178,1.0,1.2361416230683528
-0.5628902171018951,0.5291767946502997,-0.8402849442097524,-0.9467675289014555,-1.0,-1.0,-0.785158828682602
0.6543605934215069,0.4224106044868732,0.8196149026191122,1.0,1.0,1.0,-3.447815690516724
-1.0,-1.0,-1.0,-0.5106811110359311,0.5817114925472134,-0.9202797384303779,2.822670237796784
1.0,0.5312161627866465,0.8808865476657339,1.0,-0.5638046390365659,-0.9767566158640745,7.3881592579971835
-1.0,-0.17919330666525535,-1.0,-1.0,0.8930382823156617,0.4074235696793652,-0.440044656337342
-0.939271126460787,0.6544610313756309,0.44845450613768256,0.8229992448221066,1.0,1.0,3.963046585533371
0.32523393721431004,0.14586918450749017,1.0,-0.19334839511992163,-1.0,-0.08489650631981982,0.17084242468916316
-0.15921886880197253,0.5936085117826546,1.0,1.0,0.13654431235800793,1.0,-3.9740193283118646
-0.08658281475318508,-0.17940551994201503,-0.21472243341591146,-1.0,0.4806032658604207,-0.9563773418316053,3.7560162103715404
-1.0,-0.9024983556123564,-1.0,-1.0,0.6746055187269802,0.9087344049012074,-1.5540186116555963
-0.6111631732956175,-0.2125863742797856,-1.0,-0.21363669733056345,0.9426101630837529,0.06403171901776339,-0.7697105841342033
0.8371321608416981,0.3024464936249563,-0.5851332861264584,-0.22557021689527335,-0.13747946308331027,0.21531942577143737,0.5674768638678865
0.03292829945908904,-0.24368894624697734,0.9932944283370017,-0.7105938676121164,-0.6535754770178783,-0.3557740608618887,-1.0824451319190067
0.09508343196167934,-0.3463223325174906,1.0,-0.18052765944655735,0.4844922324477424,0.7159695138576736,-1.837252710854325
-0.24458560381134303,1.0,-0.04794701525452061,-0.06916306272111983,0.30601900500383994,0.734077450761867,2.6162646793920756
-0.6978745464014069,-1.0,-1.0,-1.0,-0.8865944484033912,-0.7736495192297608,2.3333222822621833
0.8093957268605045,-0.6733898957988548,0.5873946900921522,0.8285268710459266,-0.1316618107575781,0.08967208258369652,0.6349360949791354
0.9444240922858806,-1.0,0.8410186450816943,-0.7544888243741915,0.11187362892144581,1.0,-1.157083057103321
0.9818835090507304,-1.0,-0.9136984910915777,-1.0,-0.1618232633520047,0.7341856983200918,0.1617021936727039
-0.7994258024013828,-0.10104198113062612,0.4574117079409914,-1.0,-1.0,-1.0,1.067577131305999
-0.5745114782602725,0.19216368715556242,0.14304078186209637,-0.5995652649889073,1.0,-0.04410087629496192,1.776256775202155
1.0,1.0,1.0,1.0,-0.40233409287270155,-1.0,4.816997459513094
1.0,1.0,0.30311362378188655,0.6499714016708071,0.38976894147504004,0.06766260472134933,-2.3308914506839904
0.47443979365177724,0.3355567477629151,1.0,1.0,-0.17119687593078708,-0.6144342027053326,0.32748019846353466
-0.06307047062356794,1.0,-0.47331598099179684,0.04748897683320985,-1.0,-1.0,1.170325995943559
0.09387017087415203,-1.0,-0.13801112518713896,-1.0,0.1514073726983728,0.41992905171327255,-1.4804535296849832
-0.27103483027124353,-0.7767940019489018,-0.5225926855699852,-0.8217262407262678,0.0776377970316231,0.6852911139613127,-1.5013831669209754
0.22321951364832615,1.0,0.34739881076181,1.0,-0.8343672539143767,-0.04899334217717691,1.939635466095367
-0.10035996601063835,-1.0,0.32023785878984373,0.5898910796379461,0.5685135920113976,-0.05365907287006988,1.1037830088456333
0.43992213336149166,-0.07842565832776638,-0.3889736174435672,-1.0,0.2531966186515766,-0.1801404934675092,0.16757455082958383
-1.0,-1.0,-0.36061190056690207,0.11839533283057824,0.10315773693780005,0.542602038724424,-0.6168897667976863
1.0,1.0,0.916012003400127,0.12902013587429906,-0.2992467796851642,-0.41008610769191,0.35769234547063944
-0.17789557852263393,-1.0,-0.7629416120796915,-1.0,-0.21421306569386056,0.008819674489700668,-1.6232247696575426
-1.0,-1.0,0.017893127413737844,-1.0,-0.4696933983391161,-0.22920153259117648,0.5661151245179996
0.6066118371640855,0.3115884602576192,-1.0,0.6919699814143904,-0.1266812067398827,1.0,4.406552482488861
-0.862879959894049,1.0,-0.0661607467522195,0.9342625700080178,1.0,-1.0,2.6654517751337066
1.0,-0.5967470294350925,0.567478428445802,-0.1762776831465353,0.9521463680115536,0.16398976153904832,-3.044554306837982
-0.8993368139200825,-0.8540213455593311,-1.0,-0.2490271239444526,0.7766238721744292,0.0690947175543836,-3.1710465633574247
0.5898437629782671,1.0,0.3727054097843343,0.6558499568985816,1.0,0.1292198083308179,-1.836351148229784
-1.0,-0.28102013446082164,-0.4917756910610185,0.17488925021151253,0.5176276285889352,0.9564193411495661,4.405631493267687
-0.526707667745226,-1.0,-0.49323798868032687,-0.764193068595372,-0.7345317046417326,-0.47769059181823126,1.2061773213512983
0.6995559148736673,0.06409881578050991,-0.22711505276996957,-0.48617559073562855,0.021262392933439622,-0.2429089312308499,0.20664546065819833
-0.4118073731457021,-0.5026633464668164,-0.4193266899006799,-1.0,0.014949874519241013,-0.421821416991502,0.215930929038806
-0.234841606227419,-0.8116647310472351,1.0,-0.2573701682212445,0.7612763328622638,0.007483481201128933,1.0557566311770246
-1.0,-0.08331684127089134,-0.9024002456088891,-0.47930405778277285,0.16429941621205335,1.0,6.571213601513157
0.8760947871080292,0.5801723288828942,0.18126701350665236,0.33435714224695473,1.0,0.15676048200741377,-2.2675973257030426
0.05566929632393247,1.0,1.0,1.0,-0.1524826034287477,-0.2732680107137918,-3.0211042936029844
0.1419766260986578,-0.01833409775653483,-0.4520287389098575,1.0,1.0,0.054476232776849765,0.5986848099428519
-1.0,-0.6087039603123423,-1.0,0.0026126715603036477,1.0,0.17374878092822055,-2.445396899337457
-1.0,-0.14558698297930728,-0.8777618413677017,-0.8328736455305221,0.44179413189004624,0.1390069380434835,0.06622440848003286
-1.0,-0.746708047174323,-0.8925481451567288,-0.705420971630422,-1.0,-0.884761935753657,1.793230965328284
0.3795597622231767,-0.1335281706114564,-0.19854652092246905,0.18270128230727867,-1.0,-0.26663901227987463,2.1385392033415647
-0.10470301605449062,-0.4312084433422817,-1.0,-1.0,-0.3895032754041403,-0.5618261865096181,-0.37195556095861915
-0.6573637666228769,-0.5711325061349197,-0.06570497823983545,0.33707748505850477,0.2459894929198123,1.0,1.8603575787529691
0.7984152106110132,1.0,-1.0,0.16308601393740588,0.28795706215744216,0.43078091027028964,2.967738796663822
0.47608163411681526,1.0,1.0,1.0,0.7900983578977021,1.0,-7.492569338554382
1.0,-1.0,0.8626268746059764,0.5933510672220002,-1.0,-0.3950958797744669,10.36495744605879
-0.6756130886071179,1.0,0.5111564347026375,0.9112121412309364,1.0,-1.0,-0.2689406352255715
-0.604687500548642,0.17167067200566247,-0.8695453973879408,-1.0,0.4490487401794854,1.0,6.777866555238744
0.08713765214299893,0.4436058040780949,-1.0,0.7742496421779437,0.9277615116521101,-0.15213489266949676,-1.7999978166791863
0.7222608301755935,-0.18146127754865476,0.9645645543228266,0.40981871520170454,-0.8488389918178973,-0.621084781352342,3.4223247153436525
-0.6853559664216566,-0.09257325023054334,0.1379203621806887,0.2876546781868612,-0.5229338524191546,-0.7831420271781194,0.35460232607593556
-0.19623647129249888,0.6779677644513131,0.9438116920034963,0.5423208736619043,0.979392228726957,1.0,-0.4803491183324401
-1.0,0.4339301251815422,1.0,-1.0,0.3087064786412259,1.0,-3.983716199472867
0.08894329641614074,0.300393597575475,1.0,0.6967739871265062,-1.0,-0.2370440008852922,-1.7711147831515799
0.6716189847400456,-0.7717538022407997,-0.9373811184245733,-0.6164538485692977,0.45982690048781927,0.23139765762333542,-2.8430897462719167
0.07709331059318358,-1.0,-1.0,-1.0,1.0,-0.4568582346749026,-3.166980613866211
0.8873547435977533,1.0,-0.10312609514975324,1.0,0.13104016338614172,1.0,2.2694510507704226
0.21295869333224365,0.7549909925057777,-0.7832601861007735,-0.20970924496396373,0.6075215318384982,-0.7515530841905917,0.7729840411148913
-0.7472210264416559,0.11143583071258739,-0.4261722085672657,1.0,-0.9348517165009622,1.0,1.0180413983940988
0.9000183993926216,0.09809198362062399,-0.5670013599713969,0.7873922072998443,0.3358282680816471,-1.0,0.6227780226439389
-0.3737881658278037,-0.0034589503174466962,-0.7164869809681301,0.3572649359732114,0.8785740910218598,1.0,6.603642124522263
-0.9385108874354229,-0.3400061790111568,-1.0,-1.0,0.12020418678285705,1.0,5.083850224187037
-0.4470336407604518,-0.8262116910006364,0.2848686648997517,-0.16429734862332873,-0.49974120374157166,1.0,-0.15931013709156505
1.0,0.9691047785811823,0.9033557322010554,0.08461570952625841,0.8256770710136283,0.3621360903470765,-4.81987765749009
-0.4560176250031618,-0.1732956355867714,-1.0,-0.8393031065622892,-0.4633458131456254,0.31674109576606224,-0.5555470814521319
1.0,-0.62179559318924,0.019329164132836085,0.20497302717225185,1.0,1.0,-0.3678722111927271
1.0,1.0,-0.05984842664322265,0.6755643829384674,-0.10727315637824765,0.49967633012512547,1.5051866036428139
-1.0,-1.0,-1.0,-0.18228740585683934,-0.4076182914271188,1.0,0.7849018257166414
-1.0,-0.6240900140986447,-0.36245015148096354,-0.4455141435943246,-1.0,-0.3731113336536398,-1.4091455729596647
-0.7712400174185228,-0.22141487297293394,-1.0,0.47643587464342774,-0.597379371455785,0.778346115725966,2.327835924014675
1.0,1.0,0.9852970135205664,1.0,0.548214719507049,0.3522737919524772,-6.334117884414105
0.895823909260617,0.8746415954783945,0.1964818290914972,-0.4585923707401053,-1.0,-0.3717160384935604,4.036405151879043
-0.861668397402148,-0.49056090006676856,-0.5885739780049617,-1.0,1.0,-1.0,7.22356867470867
0.8982874441665574,1.0,0.8108910857859535,1.0,-1.0,-0.6254544725820453,6.394296991063463
1.0,0.04051914010773228,-0.9085734430688784,0.2588275877086469,-1.0,-0.9893870702845449,5.812880781926006
-1.0,-0.8808864813146166,1.0,-0.7617471476752267,-0.1506637199276728,0.46857060604977385,-3.540184250687659
-0.3733270343931967,-0.3577313697773346,-0.7830395157376797,-1.0,-1.0,-1.0,2.6786525438962254
0.1726473728711746,-0.060269905995495754,-0.0018597224869666418,0.7252725047318472,-0.6076280241362979,0.05581172667548376,0.8429502098925346
-1.0,-0.5935805725349177,-0.8478190229506968,-1.0,0.968212415831007,-1.0,6.4459061860247475
-1.0,-0.24495375959133447,-1.0,-1.0,0.6436606941043961,0.14621462537577767,-1.2800418105142626
-0.2682730547654334,-0.22416284399756525,-1.0,-1.0,-0.8569443565935336,0.5649359456841865,0.4928364138554333
-0.8561875696672472,-0.040839699785957695,-0.3614674698395459,-1.0,0.3734882579424474,0.8811316219794592,2.1115335440966456
1.0,0.6636853181621925,1.0,1.0,-0.23658694736366515,-0.6282007116805581,2.5903725875266512
-0.11804397682564827,-0.5563864453106409,-1.0,-0.25699083848739734,0.16715883188150027,0.030219767502183914,-1.0825120267148212
1.0,0.20063144306416336,0.8024989058106682,0.38162602694585734,1.0,0.3897279750457696,-4.324010793105064
-0.8428868124346356,0.5854481765721333,-1.0,-0.9676731042967923,-1.0,-0.38076539946475596,-1.5747067333230602
1.0,0.482293852442767,1.0,0.14593826696784418,1.0,0.9862553375149923,-5.426359740001253
-0.6161710693080019,-1.0,0.32769098411285286,-0.5367304579342607,0.4486711816928448,0.7504333731232309,1.0139454838874726
-0.9948347370319175,-0.2874190596085653,-1.0,-1.0,-1.0,-1.0,2.5039144838042846
0.16883561434618286,0.2662305730399943,-0.8208272472695153,0.46850272585755715,0.012084594119639691,-0.06837079555660064,-0.33671134531220387
1.0,-0.08052353982492338,0.6583808143947212,-0.3953430047140305,-1.0,-1.0,7.505367893311766
1.0,0.7937109234745987,0.8414625888102545,0.676575702385485,0.7302713691641569,-0.6730715072899343,-2.2887121215287167
-0.25491697623292575,-0.8641624613433483,1.0,0.6113392331704364,0.9256507246245649,0.34853300972947865,0.3266473724086856
-0.06902020528437924,-0.6914412254541586,-0.14148875933061933,0.09518368532546351,0.08719832850627374,1.0,2.1818724678356665
0.7971720415037242,1.0,-0.5030919406748688,0.43749348082984185,0.6541173744958946,0.9033562327755809,2.7912355981483823
0.9385975787281262,1.0,0.40374286477762644,1.0,0.14044419480694348,-0.6228331143963867,0.81555534383151
0.2837360499265139,-1.0,-1.0,1.0,-0.3595238028066296,1.0,3.8648464431943093
0.42139370577353297,1.0,0.5817279851549123,0.7473588763744569,0.6050645882085233,-0.24607417400531398,-2.556688240594453
-1.0,0.07370272814439627,-0.4274631773491079,-0.3621129711047568,-0.4563329006714387,-1.0,0.7880748128594717
1.0,0.7666943981678522,0.26187137218824785,1.0,-0.9267334358004244,-0.9616120791556073,9.494520674615714
